language_code,bad_word
ar,Ø§Ø­ØªÙ„Ø§Ù…
ar,Ø§ØºØªØµØ§Ø¨
ar,Ø¨Ø²
ar,Ø¨Ø²Ø§Ø²
ar,Ø¨Ø¸Ø±
ar,Ø¨ÙŠØ¶Ø§Ù†
ar,ØªÙ…Øµ
ar,Ø«Ø¯ÙŠ
ar,Ø¬Ù…Ø§Ø¹
ar,Ø­Ù„Ù…Ø©
ar,Ø®Ù†Ø«ÙŠ
ar,Ø®ÙˆÙ„
ar,Ø²Ø¨
ar,Ø³Ø­Ø§Ù‚
ar,Ø³Ø­Ø§Ù‚ÙŠØ©
ar,Ø³ÙƒØ³
ar,Ø´Ø§Ø°
ar,Ø´Ø±Ø¬
ar,Ø´Ø±Ù…ÙˆØ·Ø©
ar,Ø´Ù‡ÙˆØ©
ar,Ø·ÙŠØ²
ar,Ø¹Ø§Ù‡Ø±Ø©
ar,Ø¹Ø±Øµ
ar,ÙØ±Ø¬
ar,Ù‚Ø­Ø¨Ø©
ar,Ù‚Ø¶ÙŠØ¨
ar,ÙƒØ³
ar,Ù„Ø¨ÙˆØ©
ar,Ù„Ø­Ø³
ar,Ù„Ø¹Ù‚
ar,Ù„ÙˆØ§Ø·
ar,Ù„ÙˆØ·ÙŠ
ar,Ù…Ø¨Ø§Ø¯Ù„
ar,Ù…ØªÙ†Ø§Ùƒ
ar,Ù…ØªÙ†Ø§ÙƒØ©
ar,Ù…Øµ
ar,Ù…ÙÙ„Ù‚Ø³Ø©
ar,Ù†ÙŠÙƒ
cs,bordel
cs,buzna
cs,chcanky
cs,chuj
cs,debil
cs,do piÄe
cs,do prdele
cs,drÅ¡Å¥ka
cs,drÅ¾ka
cs,flundra
cs,hajzl
cs,hovno
cs,jebat
cs,kokot
cs,kokotina
cs,koÅˆomrd
cs,kunda
cs,kurva
cs,mamrd
cs,mrdat
cs,mrdka
cs,mrdnÃ­k
cs,osloÅ¡oust
cs,pizda
cs,piÄa
cs,prcat
cs,prdel
cs,prdelka
cs,pÃ­chat
cs,pÃ­Äus
cs,sraÄka
cs,srÃ¡t
cs,vypÃ­Äenec
cs,zkurvit
cs,zkurvysyn
cs,zmrd
cs,ÄumÄ›t
cs,ÄurÃ¡k
cs,Å¡oustat
cs,Å¡ulin
cs,Å¾rÃ¡t
da,anus
da,bÃ¸sserÃ¸v
da,cock
da,fisse
da,fissehÃ¥r
da,fuck
da,hestepik
da,kussekryller
da,lort
da,luder
da,pik
da,pikhÃ¥r
da,pikslugeri
da,piksutteri
da,pis
da,rÃ¸v
da,rÃ¸vhul
da,rÃ¸vskÃ¦g
da,rÃ¸vsprÃ¦ke
da,shit
de,MILF
de,analritter
de,arsch
de,arschficker
de,arschgeige
de,arschgesicht
de,arschkriecher
de,arschlecker
de,arschloch
de,bauerntrampel
de,bimbo
de,bonze
de,bratze
de,bumsen
de,depp
de,dildo
de,drecksack
de,drecksau
de,dummkopf
de,dumpfbacke
de,dÃ¶del
de,fick
de,ficken
de,flittchen
de,fotze
de,fratze
de,hackfresse
de,hornochse
de,hure
de,hurensohn
de,idiot
de,ische
de,kackbratze
de,kacke
de,kacken
de,kackwurst
de,kampflesbe
de,kanake
de,kimme
de,kotnascher
de,luder
de,lÃ¼mmel
de,morgenlatte
de,mufti
de,muschi
de,mÃ¶pse
de,mÃ¶se
de,nackt
de,neger
de,nigger
de,nippel
de,notgeil
de,nutte
de,onanieren
de,orgasmus
de,penis
de,penner
de,pimmel
de,pimpern
de,pinkeln
de,pissen
de,pisser
de,pissnelke
de,popel
de,poppen
de,porno
de,prolet
de,reudig
de,rosette
de,schabracke
de,scheiss
de,scheisser
de,scheiÃŸe
de,schiesser
de,schisser
de,schlampe
de,schnackeln
de,schnepfe
de,schwanzlutscher
de,schwuchtel
de,tittchen
de,titte
de,titten
de,transe
de,trottel
de,tussi
de,tÃ¶lpel
de,verpiss
de,vollidiot
de,vollpfosten
de,vÃ¶geln
de,weichei
de,wichse
de,wichsen
de,wichser
en,2 girls 1 cup
en,2g1c
en,4r5e
en,5h1t
en,5hit
en,God
en,a55
en,a_s_s
en,acrotomophilia
en,alabama hot pocket
en,alaskan pipeline
en,anal
en,anilingus
en,anus
en,apeshit
en,ar5e
en,arrse
en,arse
en,arsehole
en,ass
en,ass-fucker
en,asses
en,assfucker
en,assfukka
en,asshole
en,assholes
en,assmunch
en,asswhole
en,auto erotic
en,autoerotic
en,b!tch
en,b00bs
en,b17ch
en,b1tch
en,babeland
en,baby batter
en,baby juice
en,ball gag
en,ball gravy
en,ball kicking
en,ball licking
en,ball sack
en,ball sucking
en,ballbag
en,balls
en,ballsack
en,bangbros
en,bangbus
en,bareback
en,barely legal
en,barenaked
en,bastard
en,bastardo
en,bastinado
en,bbw
en,bdsm
en,beaner
en,beaners
en,beastial
en,beastiality
en,beaver
en,beaver cleaver
en,beaver lips
en,beef curtain
en,bellend
en,bestial
en,bestiality
en,bi+ch
en,biatch
en,big black
en,big breasts
en,big knockers
en,big tits
en,bimbos
en,bint
en,birdlock
en,bitch
en,bitcher
en,bitchers
en,bitches
en,bitchin
en,bitching
en,black cock
en,blonde action
en,blonde on blonde action
en,bloodclaat
en,bloody
en,blow job
en,blow your load
en,blowjob
en,blowjobs
en,blue waffle
en,blumpkin
en,boiolas
en,bollock
en,bollocks
en,bollok
en,bondage
en,boner
en,boob
en,boobs
en,booobs
en,boooobs
en,booooobs
en,booooooobs
en,booty call
en,breasts
en,brown showers
en,brunette action
en,buceta
en,bugger
en,bukkake
en,bulldyke
en,bullet vibe
en,bullshit
en,bum
en,bung hole
en,bunghole
en,bunny fucker
en,busty
en,butt
en,buttcheeks
en,butthole
en,buttmuch
en,buttplug
en,c0ck
en,c0cksucker
en,camel toe
en,camgirl
en,camslut
en,camwhore
en,carpet muncher
en,carpetmuncher
en,cawk
en,chink
en,chink eyes
en,chocolate rosebuds
en,cialis
en,cipa
en,circlejerk
en,cl1t
en,cleveland steamer
en,clit
en,clitoris
en,clits
en,clover clamps
en,clunge
en,clusterfuck
en,cnut
en,cock
en,cock-sucker
en,cockface
en,cockhead
en,cockmunch
en,cockmuncher
en,cocks
en,cocksuck
en,cocksucked
en,cocksucker
en,cocksucking
en,cocksucks
en,cocksuka
en,cocksukka
en,cok
en,cokmuncher
en,coksucka
en,coon
en,coons
en,coprolagnia
en,coprophilia
en,cornhole
en,cox
en,crap
en,creampie
en,cum
en,cummer
en,cumming
en,cums
en,cumshot
en,cumshots
en,cunilingus
en,cunillingus
en,cunnilingus
en,cunt
en,cuntlick
en,cuntlicker
en,cuntlicking
en,cunts
en,cyalis
en,cyberfuc
en,cyberfuck
en,cyberfucked
en,cyberfucker
en,cyberfuckers
en,cyberfucking
en,d1ck
en,damn
en,darkie
en,date rape
en,daterape
en,deep throat
en,deepthroat
en,dendrophilia
en,dick
en,dickhead
en,dildo
en,dildos
en,dingleberries
en,dingleberry
en,dink
en,dinks
en,dirsa
en,dirty pillows
en,dirty sanchez
en,dlck
en,dog style
en,dog-fucker
en,doggie style
en,doggiestyle
en,doggin
en,dogging
en,doggy style
en,doggystyle
en,dolcett
en,domination
en,dominatrix
en,dommes
en,donkey punch
en,donkeyribber
en,doosh
en,double dong
en,double penetration
en,dp action
en,dry hump
en,duche
en,dvda
en,dyke
en,eat my ass
en,ecchi
en,ejaculate
en,ejaculated
en,ejaculates
en,ejaculating
en,ejaculatings
en,ejaculation
en,ejakulate
en,erotic
en,erotism
en,escort
en,eunuch
en,f u c k
en,f u c k e r
en,f4nny
en,f_u_c_k
en,fag
en,fagging
en,faggitt
en,faggot
en,faggs
en,fagot
en,fagots
en,fags
en,fanny
en,fannyflaps
en,fannyfucker
en,fanyy
en,fatass
en,fcuk
en,fcuker
en,fcuking
en,fecal
en,feck
en,fecker
en,felch
en,felching
en,fellate
en,fellatio
en,feltch
en,female squirting
en,femdom
en,figging
en,fingerbang
en,fingerfuck
en,fingerfucked
en,fingerfucker
en,fingerfuckers
en,fingerfucking
en,fingerfucks
en,fingering
en,fistfuck
en,fistfucked
en,fistfucker
en,fistfuckers
en,fistfucking
en,fistfuckings
en,fistfucks
en,fisting
en,flange
en,flap
en,fook
en,fooker
en,foot fetish
en,footjob
en,frotting
en,fuck
en,fuck buttons
en,fucka
en,fucked
en,fucker
en,fuckers
en,fuckhead
en,fuckheads
en,fuckin
en,fucking
en,fuckings
en,fuckingshitmotherfucker
en,fuckme
en,fucks
en,fucktards
en,fuckwhit
en,fuckwit
en,fudge packer
en,fudgepacker
en,fuk
en,fuker
en,fukker
en,fukkin
en,fuks
en,fukwhit
en,fukwit
en,fur fag
en,furfag
en,futanari
en,fux
en,fux0r
en,g-spot
en,gang bang
en,gangbang
en,gangbanged
en,gangbangs
en,gash
en,gay sex
en,gaylord
en,gaysex
en,genitals
en,giant cock
en,girl on
en,girl on top
en,girls gone wild
en,goatcx
en,goatse
en,god damn
en,god-dam
en,god-damned
en,goddam
en,goddamn
en,goddamned
en,gokkun
en,golden shower
en,goo girl
en,goodpoop
en,goregasm
en,grope
en,group sex
en,guro
en,hand job
en,handjob
en,hard core
en,hardcore
en,hardcoresex
en,hell
en,hentai
en,heshe
en,hoar
en,hoare
en,hoer
en,homo
en,homoerotic
en,honkey
en,hooker
en,hore
en,horniest
en,horny
en,hot carl
en,hot chick
en,hotsex
en,how to kill
en,how to murder
en,huge fat
en,humping
en,incest
en,intercourse
en,jack off
en,jack-off
en,jackoff
en,jail bait
en,jailbait
en,jap
en,jelly donut
en,jerk off
en,jerk-off
en,jigaboo
en,jiggaboo
en,jiggerboo
en,jism
en,jiz
en,jizm
en,jizz
en,juggs
en,kawk
en,kike
en,kinbaku
en,kinkster
en,kinky
en,knob
en,knobbing
en,knobead
en,knobed
en,knobend
en,knobhead
en,knobjocky
en,knobjokey
en,kock
en,kondum
en,kondums
en,kum
en,kummer
en,kumming
en,kums
en,kunilingus
en,l3i+ch
en,l3itch
en,labia
en,leather restraint
en,leather straight jacket
en,lemon party
en,livesex
en,lmfao
en,lolita
en,lovemaking
en,lust
en,lusting
en,m0f0
en,m0fo
en,m45terbate
en,ma5terb8
en,ma5terbate
en,make me come
en,male squirting
en,masochist
en,master-bate
en,masterb8
en,masterbat*
en,masterbat3
en,masterbate
en,masterbation
en,masterbations
en,masturbate
en,masturbating
en,masturbation
en,menage a trois
en,milf
en,minge
en,minger
en,missionary position
en,mo-fo
en,mof0
en,mofo
en,mothafuck
en,mothafucka
en,mothafuckas
en,mothafuckaz
en,mothafucked
en,mothafucker
en,mothafuckers
en,mothafuckin
en,mothafucking
en,mothafuckings
en,mothafucks
en,mother fucker
en,motherfuck
en,motherfucked
en,motherfucker
en,motherfuckers
en,motherfuckin
en,motherfucking
en,motherfuckings
en,motherfuckka
en,motherfucks
en,mound of venus
en,mr hands
en,muff
en,muff diver
en,muffdiving
en,munter
en,mutha
en,muthafecker
en,muthafuckker
en,muther
en,mutherfucker
en,n1gga
en,n1gger
en,nambla
en,nawashi
en,nazi
en,negro
en,neonazi
en,nig nog
en,nigg3r
en,nigg4h
en,nigga
en,niggah
en,niggas
en,niggaz
en,nigger
en,niggers
en,nimphomania
en,nipple
en,nipples
en,nob
en,nob jokey
en,nobhead
en,nobjocky
en,nobjokey
en,nsfw
en,nsfw images
en,nude
en,nudity
en,numbnuts
en,nutsack
en,nutten
en,nympho
en,nymphomania
en,octopussy
en,omorashi
en,one cup two girls
en,one guy one jar
en,orgasim
en,orgasims
en,orgasm
en,orgasms
en,orgy
en,p0rn
en,paedophile
en,paki
en,panties
en,panty
en,pawn
en,pecker
en,pedobear
en,pedophile
en,pegging
en,penis
en,penisfucker
en,phone sex
en,phonesex
en,phuck
en,phuk
en,phuked
en,phuking
en,phukked
en,phukking
en,phuks
en,phuq
en,piece of shit
en,pigfucker
en,pimpis
en,piss
en,piss pig
en,pissed
en,pisser
en,pissers
en,pisses
en,pissflaps
en,pissin
en,pissing
en,pissoff
en,pisspig
en,playboy
en,pleasure chest
en,pole smoker
en,ponyplay
en,poof
en,poon
en,poontang
en,poop
en,poop chute
en,poopchute
en,poopy mcpoop face
en,porn
en,porno
en,pornography
en,pornos
en,prick
en,pricks
en,prince albert piercing
en,pron
en,pthc
en,pube
en,pubes
en,punani
en,punany
en,pusse
en,pussi
en,pussies
en,pussy
en,pussys
en,queaf
en,queef
en,quim
en,raghead
en,raging boner
en,rape
en,raping
en,rapist
en,rectum
en,retard
en,reverse cowgirl
en,rimjaw
en,rimjob
en,rimming
en,rosy palm
en,rosy palm and her 5 sisters
en,rusty trombone
en,s hit
en,s&m
en,s.o.b.
en,s_h_i_t
en,sadism
en,sadist
en,santorum
en,scat
en,schlong
en,scissoring
en,screwing
en,scroat
en,scrote
en,scrotum
en,semen
en,sex
en,sexcam
en,sexo
en,sexual
en,sexuality
en,sexually
en,sexy
en,sh!+
en,sh!t
en,sh1t
en,shag
en,shagger
en,shaggin
en,shagging
en,shaved beaver
en,shaved pussy
en,shemale
en,shi+
en,shibari
en,shit
en,shitblimp
en,shitdick
en,shite
en,shited
en,shitey
en,shitfuck
en,shitfull
en,shithead
en,shiting
en,shitings
en,shitnugget
en,shits
en,shitted
en,shitter
en,shitters
en,shitting
en,shittings
en,shitty
en,shota
en,shrimping
en,skank
en,skeet
en,slanteye
en,slut
en,sluts
en,smegma
en,smut
en,snatch
en,snowballing
en,sod
en,sodomize
en,sodomy
en,son-of-a-bitch
en,spac
en,spic
en,splooge
en,splooge moose
en,spooge
en,spread legs
en,spunk
en,strap on
en,strapon
en,strappado
en,strip club
en,style doggy
en,suck
en,sucks
en,suicide girls
en,sultry women
en,swastika
en,swinger
en,t1tt1e5
en,t1tties
en,tainted love
en,taste my
en,tea bagging
en,teets
en,teez
en,testical
en,testicle
en,threesome
en,throating
en,thumbzilla
en,tied up
en,tight white
en,tit
en,titfuck
en,tits
en,titt
en,tittie5
en,tittiefucker
en,titties
en,titty
en,tittyfuck
en,tittywank
en,titwank
en,tongue in a
en,topless
en,tosser
en,towelhead
en,tranny
en,tribadism
en,tub girl
en,tubgirl
en,turd
en,tushy
en,tw4t
en,twat
en,twat 
en,twathead
en,twatty
en,twink
en,twinkie
en,two girls one cup
en,twunt
en,twunter
en,undressing
en,upskirt
en,urethra play
en,urophilia
en,v14gra
en,v1gra
en,vagina
en,venus mound
en,viagra
en,vibrator
en,violet wand
en,vorarephilia
en,voyeur
en,voyeurweb
en,voyuer
en,vulva
en,w00se
en,wang
en,wank
en,wanker
en,wanky
en,wet dream
en,wetback
en,white power
en,whoar
en,whore
en,willies
en,willy
en,worldsex
en,wrapping men
en,wrinkled starfish
en,xrated
en,xx
en,xxx
en,yaoi
en,yellow showers
en,yiffy
en,zoophilia
en,ğŸ–•
eo,bugren
eo,bugri
eo,bugru
eo,diofek
eo,diofeka
eo,fek
eo,feken
eo,fekfikanto
eo,feklekulo
eo,fekulo
eo,fik
eo,fikado
eo,fikema
eo,fikfek
eo,fiki
eo,fikilo
eo,fikiÄi
eo,fikiÄu
eo,fikklaÅ­no
eo,fikota
eo,fiku
eo,forfiki
eo,forfikiÄu
eo,forfiku
eo,forfurzu
eo,forpisi
eo,forpisu
eo,furzulo
eo,kacen
eo,kaco
eo,kacsuÄ‰ulo
eo,kojono
eo,piÄ‰en
eo,piÄ‰o
eo,zamenfek
eo,Ä‰iesulino
eo,Ä‰iesulo
es,Asesinato
es,Bollera
es,CabrÃ³n
es,Caca
es,Chupada
es,Chupapollas
es,ChupetÃ³n
es,Concha de tu madre
es,CoprofagÃ­a
es,CoÃ±o
es,Culo
es,Drogas
es,Esperma
es,Fiesta de salchichas
es,Follador
es,Follar
es,Gilipichis
es,Gilipollas
es,Hacer una paja
es,Haciendo el amor
es,HeroÃ­na
es,Hija de puta
es,Hijaputa
es,Hijo de puta
es,Hijoputa
es,Idiota
es,ImbÃ©cil
es,Jilipollas
es,Kapullo
es,Lameculos
es,Maciza
es,Macizorra
es,Mamada
es,Marica
es,Mariconazo
es,MaricÃ³n
es,Mierda
es,Nazi
es,Orina
es,Pedo
es,Pendejo
es,Pervertido
es,PezÃ³n
es,Pinche
es,Pis
es,Prostituta
es,Puta
es,Racista
es,Ramera
es,Semen
es,Sexo
es,Sexo oral
es,Soplagaitas
es,Soplapollas
es,SÃ¡dico
es,Tetas grandes
es,Travesti
es,Trio
es,TÃ­a buena
es,Verga
es,Vulva
es,asno
es,bastardo
es,concha
es,infierno
es,maldito
es,martillo
es,vete a la mierda
fa,abam to moohat khoshk besheh
fa,abam too damaghet
fa,abji kosteh
fa,aghabmunde
fa,aghzyvy sikim
fa,ahmag
fa,amaleh
fa,an damagh
fa,anam baraat morabaas
fa,anam layeh dandoonat
fa,ann ru sar et
fa,antar
fa,antareh gav
fa,antikke
fa,arabe kassif
fa,ashghal
fa,avaazi
fa,bache cooney
fa,bache nanee
fa,bache poruu
fa,bachebaz
fa,bacheh mozalaf
fa,be kiram
fa,be tokhmam
fa,bemiri eenshalah
fa,beshoor
fa,bia bokhor
fa,bichare
fa,biishaaraf
fa,boogh
fa,boro be jahanam
fa,boro gomsho kooni
fa,cholagh
fa,choob too konet
fa,choochoole nanat
fa,chos
fa,choseh khar
fa,chosi
fa,choskhor
fa,coony
fa,dahane boogandooto beband
fa,dahaneto beband
fa,dahaneto goh begireh
fa,dahaneto migaam
fa,dashagymy yala
fa,dashaq
fa,dayoos
fa,dayyoos
fa,divooneh
fa,fuzul
fa,gaav
fa,gaeedamet
fa,geddah
fa,ghorom saagh
fa,ghoromsagh
fa,goh
fa,goh bebareh roo gahbret
fa,goh bokhor
fa,goh khordi
fa,gohe sag
fa,gom sho
fa,gooreto gom kon
fa,goozidam too cheshmet
fa,gotveren
fa,gusaleh
fa,guuz
fa,harum zadeh
fa,heyvoon
fa,ja kesh
fa,jadetto gaeedam
fa,jakesh
fa,jende
fa,jende khiabooni
fa,jendeh
fa,keer
fa,keeram tu faket
fa,keeram tu koset
fa,keeram tu lopet
fa,keeresag meechoosi
fa,keerlees
fa,kesafat
fa,khaaar jendeh
fa,khaar kosdeh
fa,khaar koss deh
fa,khabare marget
fa,khafe sho
fa,khahar kosse
fa,khahareto gayidam
fa,khak bar saret
fa,khak too saret
fa,khange khodah
fa,khar kos seh
fa,khar kuss
fa,khayeh
fa,khodeto bokun
fa,khoon gohshad
fa,khoyamal
fa,khuk
fa,kir
fa,kir tu dahan
fa,kir tu kunet
fa,kiram dahanet
fa,kiram to cheshat
fa,kiram to dahanet
fa,kiram to ghoshit
fa,kiram to koone nanat
fa,kiram to koonet
fa,kiram to sibilet
fa,kiram too ajdadet
fa,kiram too bachegiyaat
fa,kiram too koone ammat
fa,kiram too koset
fa,kiram too kosseh naanaat
fa,kiram too roohe aval va akharet
fa,kiram too roohet
fa,kiram tu dahanet
fa,kiram tu kose nanat
fa,kiram tu koset
fa,kiram tu kunet
fa,kiram tu mazhabet
fa,kiram tu toohe babat
fa,kireto mikhoram
fa,kiri
fa,kirkhor
fa,koni
fa,koon kesh
fa,koon nashhoor
fa,koonde
fa,koondeh bazari
fa,koondeh lashi
fa,kooneh sag
fa,koonet laghe
fa,kooni
fa,koonie
fa,korreh khar
fa,korrekhar
fa,kos
fa,kos gandide
fa,kos kapak zadeh
fa,kos kesh
fa,kos khol
fa,kos khool
fa,kos maghz
fa,kos mokh
fa,kos nane
fa,kos naneh
fa,kos pareh khar
fa,kosefil
fa,kosforosh
fa,koskesh
fa,koslees
fa,kosoo
fa,kospedar
fa,koss
fa,kosse amat
fa,kosse nanat
fa,kosseh sher
fa,kosskesh
fa,kuft
fa,kun
fa,kun kesh
fa,kunde
fa,kungoshad
fa,kuni
fa,kunliss
fa,kuss madar
fa,la massab
fa,lanati
fa,lashy
fa,maadar jendeh
fa,madar gendu
fa,madar ghahbe
fa,madar ghahbeh
fa,madar jende
fa,madar jendeh
fa,madar kooni
fa,madar sag
fa,madar suchte
fa,madareto kardam
fa,mafangi
fa,mamaneto kardam
fa,marg
fa,mashang
fa,mazhabeto gayidam
fa,mee goozam rangesh kon
fa,meshosham beh seebillet
fa,mesleh sag bemiri
fa,mokh kapak zadeh
fa,molla nanato kard
fa,mongol
fa,morde shooreto bebaran
fa,mordeh shooret
fa,nanat sag suk mizaneh
fa,nane jende
fa,nane khar
fa,nane kiri
fa,nane kooni
fa,nane kose
fa,nane sag
fa,olagh
fa,oolagh
fa,ouzgal
fa,pashmam too damaget
fa,patiyareh
fa,pedar koondeh
fa,pedar kos de
fa,pedar sag
fa,pedar suchte
fa,pedarbozorget nanato kard
fa,pedarsag
fa,pestoon
fa,pizi
fa,pokh
fa,pokhuvu ye
fa,ravani
fa,reed
fa,reedam be ghabre babat
fa,reedam be heykalet
fa,ridam be ghabre babat
fa,ridam be haykalet
fa,safeh
fa,sag
fa,sag bokonatet
fa,sag mazhab
fa,sag nanato kard
fa,shashidam too goshet
fa,shashidam too kosseh nanat
fa,shashidam too moohat
fa,shoorbakht beshei
fa,sikdir
fa,sikimi yala
fa,sikimi ye
fa,siktir
fa,suck bezan
fa,tanet mikhareh
fa,teeleet
fa,tokhmam kafe dastet
fa,tokhmam too galoot
fa,tokhmat bere too koonet
fa,tokmat gereh bokhoran
fa,tookhmeh khar
fa,tookhmeh sag
fa,tooleh sag
fa,tu goh khordie
fa,tu khaly booeh bad mead
fa,tu kooneh mollah chapeh beshi
fa,tu zetch hasti
fa,tupam
fa,zahre mar
fa,zamino bokoni
fa,Ø¢Ø¨ Ú©ÛŒØ±
fa,Ø§Ø±Ú¯Ø§Ø³Ù…
fa,Ø¨Ø±Ù‡Ù†Ù‡
fa,ØªØ¬Ø§ÙˆØ²
fa,ØªØ®Ù…ÛŒ
fa,Ø¬Ù‚
fa,Ø¬Ù‚ÛŒ
fa,Ø¬Ù„Ù‚
fa,Ø¬Ù†Ø¯Ù‡
fa,Ø­Ø´Ø±
fa,Ø­Ø´Ø±ÛŒ
fa,Ø¯Ø§Ù
fa,Ø¯ÙˆØ¯ÙˆÙ„
fa,Ø²Ù†Ø§Ø²Ø§Ø¯Ù‡
fa,Ø³Ø§Ú© Ø²Ø¯Ù†
fa,Ø³ÙˆÙ¾Ø±
fa,Ø³Ú©Ø³
fa,Ø³Ú©Ø³ Ú©Ø±Ø¯Ù†
fa,Ø³Ú©Ø³ÛŒ
fa,Ø´Ù‚ Ú©Ø±Ø¯Ù†
fa,Ø´Ù‡ÙˆØª
fa,Ø´Ù‡ÙˆØªÛŒ
fa,Ø´ÙˆÙ†Ø¨ÙˆÙ„
fa,Ø¹Ù…Ù‡ Ø¬Ù†Ø¯Ù‡
fa,ÙÛŒÙ„Ù… Ø³ÙˆÙ¾Ø±
fa,Ù„Ø§Ø´ÛŒ
fa,Ù„Ø§Ù¾Ø§
fa,Ù„Ø§Ù¾Ø§ÛŒÛŒ
fa,Ù„Ø®Øª
fa,Ù„Ø´
fa,Ù…Ø§Ø¯Ø± Ø¬Ù†Ø¯Ù‡
fa,Ù…Ù†ÛŒ
fa,Ù‡Ø±Ø²Ù‡
fa,ÙˆÙ„Ø¯ Ø²Ù†Ø§
fa,ÙˆÙ„Ø¯Ø²Ù†Ø§
fa,Ù¾Ø¯Ø± Ø³Ú¯
fa,Ù¾ÙˆØ±Ù†
fa,Ù¾ÙˆØ±Ù†Ùˆ
fa,Ú†ÙˆÚ†ÙˆÙ„
fa,Ú©Ø³
fa,Ú©Ø³ Ø¯Ø§Ø¯Ù†
fa,Ú©Ø³ Ù„ÛŒØ³
fa,Ú©Ø³ Ù†Ù†Øª
fa,Ú©Ø³ Ú©Ø±Ø¯Ù†
fa,Ú©Ø³ Ú©Ø´
fa,Ú©Ø³Ù„ÛŒØ³
fa,Ú©Ø³Ú©Ø´
fa,Ú©ÙˆØ³
fa,Ú©ÙˆÙ†
fa,Ú©ÙˆÙ† Ø¯Ø§Ø¯Ù†
fa,Ú©ÙˆÙ† Ú©Ø±Ø¯Ù†
fa,Ú©ÙˆÙ† Ú¯Ù†Ø¯Ù‡
fa,Ú©ÙˆÙ†Ú©Ø´
fa,Ú©ÙˆÙ†ÛŒ
fa,Ú©ÛŒØ±
fa,Ú©ÛŒØ± Ø¯Ù…Ø§Øº
fa,Ú©ÛŒØ±ÛŒ
fi,alfred nussi
fi,bylsiÃ¤
fi,haahka
fi,haista paska
fi,haista vittu
fi,hatullinen
fi,helvetisti
fi,hevonkuusi
fi,hevonpaska
fi,hevonperse
fi,hevonvittu
fi,hevonvitunperse
fi,hitosti
fi,hitto
fi,huorata
fi,hÃ¤ssiÃ¤
fi,juosten kustu
fi,jutku
fi,jutsku
fi,jÃ¤tkÃ¤
fi,kananpaska
fi,koiranpaska
fi,kuin esterin perseestÃ¤
fi,kulli
fi,kullinluikaus
fi,kuppainen
fi,kusaista
fi,kuseksia
fi,kusettaa
fi,kusi
fi,kusipÃ¤Ã¤
fi,kusta
fi,kyrpiintynyt
fi,kyrpiintyÃ¤
fi,kyrpiÃ¤
fi,kyrpÃ¤
fi,kyrpÃ¤naama
fi,kyrvitys
fi,lahtari
fi,lutka
fi,molo
fi,molopÃ¤Ã¤
fi,mulkero
fi,mulkku
fi,mulkvisti
fi,muna
fi,munapÃ¤Ã¤
fi,munaton
fi,mutakuono
fi,mutiainen
fi,naida
fi,nainti
fi,narttu
fi,neekeri
fi,nekru
fi,nuolla persettÃ¤
fi,nussia
fi,nussija
fi,nussinta
fi,paljaalla
fi,palli
fi,pallit
fi,paneskella
fi,panettaa
fi,panna
fi,pano
fi,pantava
fi,paska
fi,paskainen
fi,paskamainen
fi,paskanmarjat
fi,paskantaa
fi,paskapuhe
fi,paskapÃ¤Ã¤
fi,paskattaa
fi,paskiainen
fi,paskoa
fi,pehko
fi,pentele
fi,perkele
fi,perkeleesti
fi,persaukinen
fi,perse
fi,perseennuolija
fi,perseet olalla
fi,persereikÃ¤
fi,perseÃ¤Ã¤liÃ¶
fi,perslÃ¤pi
fi,perspano
fi,persvako
fi,pilkunnussija
fi,pillu
fi,pillut
fi,pipari
fi,piru
fi,pistÃ¤Ã¤
fi,pyllyvako
fi,reikÃ¤
fi,reva
fi,ripsipiirakka
fi,runkata
fi,runkkari
fi,runkkaus
fi,runkku
fi,ryssÃ¤
fi,rÃ¤ttipÃ¤Ã¤
fi,saatanasti
fi,suklaaosasto
fi,tavara
fi,toosa
fi,tuhkaluukku
fi,tumputtaa
fi,turpasauna
fi,tussu
fi,tussukka
fi,tussut
fi,vakipano
fi,vetÃ¤Ã¤ kÃ¤teen
fi,viiksi
fi,vittu
fi,vittuilla
fi,vittuilu
fi,vittumainen
fi,vittuuntua
fi,vittuuntunut
fi,vitun
fi,vitusti
fi,vituttaa
fi,vitutus
fi,Ã¤pÃ¤rÃ¤
fil,anak ka ng puta
fil,bayag
fil,bobo
fil,burat
fil,jakol
fil,kantot
fil,nognog
fil,puta ka
fil,putang ina
fil,tang ina
fil,tanga
fil,tangina
fil,ulol
fr,Bitembois
fr,DMC
fr,Dieu me pignole
fr,Dieu me tripote
fr,FDP
fr,MALPT
fr,NTM
fr,PD
fr,RAB
fr,TG
fr,aller aux putes
fr,aller niquer sa mÃ¨re
fr,aller se faire empapaouter
fr,aller se faire enculer
fr,aller se faire foutre
fr,aller se faire mettre
fr,allez vous faire foutre
fr,allumÃ©
fr,allumÃ©e
fr,archifoutre
fr,arriver comme le marquis de Couille-Verte
fr,asphalteuse
fr,aspire-crotte
fr,astiquer
fr,avalbit
fr,avale mon chibre
fr,avoir de la chatte
fr,avoir de la merde dans les yeux
fr,avoir de la moule
fr,avoir des couilles
fr,avoir des couilles au cul
fr,avoir des heures de vol
fr,avoir du poil au cul
fr,avoir la gueule dans le cul
fr,avoir la tÃªte dans le cul
fr,avoir le cul bordÃ© de mÃ©dailles
fr,avoir le cul bordÃ© de nouilles
fr,avoir le feu au cul
fr,avoir le papier qui colle aux bonbons
fr,avoir le trou du cul en chou-fleur
fr,avoir les couilles
fr,avoir les rideaux qui collent aux fenÃªtres
fr,avoir lâ€™air con
fr,avoir plein le cul
fr,avoir un balai dans le cul
fr,babtou
fr,bagouse
fr,baisable
fr,baise
fr,baiser
fr,baiser Fanny
fr,baiser comme un lapin
fr,baiseur
fr,balancer la sauce
fr,balayette
fr,bamboula
fr,banane
fr,bander
fr,bander comme un Turc
fr,bander comme un cerf
fr,bander comme un taureau
fr,bander comme un Ã¢ne
fr,baptÃªme
fr,bar Ã  putes
fr,bat
fr,batte
fr,benzer
fr,berlingue
fr,biatch
fr,bibite
fr,bigornette
fr,bitch
fr,bite
fr,bitembois
fr,bitte
fr,bivouaquer dans la crevasse
fr,biÃ©taze
fr,bloblos
fr,bolos
fr,bolosser
fr,bombe atomique
fr,bombe sexuelle
fr,bonnasse
fr,bordel
fr,bordel de merde
fr,bordel Ã  cul
fr,bordel Ã  cul de pompe Ã  merde
fr,bordel Ã  cul pompe Ã  merde
fr,botter le cul
fr,bouffable
fr,bouffer la chatte
fr,bougnoul
fr,bougnoule
fr,bougnoulisation
fr,bougnouliser
fr,boukak
fr,boule
fr,bounioul
fr,bourrer le mou
fr,bourriquer
fr,bourrÃ©
fr,bourrÃ©e
fr,brackmard
fr,branlage
fr,branler
fr,branlette
fr,branlette espagnole
fr,branlette intellectuelle
fr,branleur
fr,branleuse
fr,branlo
fr,branlotter
fr,branlÃ©e
fr,brise-burnes
fr,briser les noix
fr,broutage
fr,broute-minou
fr,brouter
fr,brouter le cresson
fr,brouter le gazon
fr,brouter les couilles
fr,brÃªle
fr,burne
fr,bÃ¢ton
fr,caca
fr,cagasse
fr,cagoince
fr,calice
fr,carrer dans lâ€™oignon
fr,carte de France
fr,casse-bonbon
fr,casse-couille
fr,casse-couilles
fr,casser la gueule
fr,casser le pot
fr,casser les boules
fr,casser les burnes
fr,casser les couilles
fr,cerise
fr,chacun sa merde
fr,chagasse
fr,chagatte
fr,chat
fr,chat bite
fr,chat-bite
fr,chatte
fr,chaude-pisse
fr,cherche-merde
fr,chiant
fr,chiant comme la Lune
fr,chiasse
fr,chiasser
fr,chiatique
fr,chibre
fr,chiennasse
fr,chienne
fr,chiennerie
fr,chier
fr,chier dans les bottes
fr,chier dans son froc
fr,chier une pendule
fr,chierie
fr,chieur
fr,chiotte
fr,chiottes
fr,chiÃ©e
fr,choper
fr,choune
fr,christ
fr,ciboire
fr,claque merde
fr,claque-merde
fr,clille
fr,clito
fr,clitoris
fr,comme papa dans maman
fr,con
fr,con comme un balai
fr,con comme un gland
fr,con comme une bite
fr,conchier
fr,connard
fr,connasse
fr,conne
fr,conneau
fr,connerie
fr,contrecrisser
fr,contrefoutre
fr,copain de baise
fr,copine de baise
fr,coquillard
fr,couille
fr,couille de loup
fr,couille molle
fr,couilles
fr,couilles au poteau
fr,couillu
fr,coup de pute
fr,courante
fr,couter la peau du cul
fr,coÃ»ter la peau des couilles
fr,coÃ»ter la peau du cul
fr,coÃ»ter une couille
fr,cramouille
fr,craquer son slip
fr,cravacher le pur-sang
fr,crisse
fr,crissement
fr,crosse
fr,crosser
fr,cruchasse
fr,cul
fr,culasse
fr,culbuter
fr,culer
fr,culeter
fr,culeur
fr,cÃ¢liboire
fr,cÃ¢lice
fr,cÃ¢lisse
fr,cÃ¢lisser
fr,câ€™est de la couille de loup
fr,dans ton cul
fr,de mes deux
fr,des couilles
fr,diarrhÃ©e
fr,djoc
fr,does
fr,doeser
fr,doigter
fr,drisser
fr,drouille
fr,ducon
fr,duconnot
fr,dugland
fr,dÃ©bagouler
fr,dÃ©bander
fr,dÃ©boiter
fr,dÃ©broussailler la tranchÃ©e
fr,dÃ©charger
fr,dÃ©connade
fr,dÃ©conne
fr,dÃ©conner
fr,dÃ©crisser
fr,dÃ©culer
fr,dÃ©cÃ¢lisser
fr,dÃ©foncer
fr,dÃ©fonceur
fr,dÃ©fourailler
fr,dÃ©gager
fr,dÃ©gueulassement
fr,dÃ©pucelage
fr,dÃ©puceler
fr,dÃ©sengorger
fr,emmancher
fr,emmanchÃ©
fr,emmerdant
fr,emmerder
fr,emmerdeur
fr,emmerdeuse
fr,emmerdÃ©
fr,empapaoutage
fr,en avoir deux
fr,en avoir plein le cul
fr,en avoir plein les couilles
fr,en chier
fr,enconnade
fr,enconner
fr,encuguler
fr,enculade
fr,enculade de mouche
fr,enculagailler
fr,enculage
fr,enculage de mouche
fr,enculage de mouches
fr,enculailleur
fr,enculatoire
fr,enculement
fr,enculer
fr,enculer les mouches
fr,enculerie
fr,enculette
fr,enculeur
fr,enculeur de mouches
fr,enculeurs
fr,enculeuse
fr,enculÃ©
fr,enculÃ© de ta mÃ¨re
fr,enculÃ© de ta race
fr,enculÃ©e
fr,enfant de chienne
fr,enfant de putain
fr,enfant de pute
fr,enfiler
fr,enfler
fr,enfoirer
fr,enfoirÃ©
fr,enfoirÃ©e
fr,engrosser
fr,enorme teub
fr,entuber
fr,envoyer
fr,envoyer chier
fr,envulver
fr,estie
fr,"et mon cul, câ€™est du poulet"
fr,exploser
fr,exploser le terrier
fr,face de pet
fr,faciale
fr,faire
fr,faire chier
fr,faire chier la bite
fr,faire crapahuter le flemmard
fr,faire sa pute
fr,faire sprinter lâ€™unijambiste
fr,fan de putain
fr,fant de pute
fr,ferme ta gueule
fr,fermer sa gueule
fr,fermer son claque merde
fr,fermer son claque-merde
fr,fesse
fr,fif
fr,fifi
fr,fille de pute
fr,fille Ã  pÃ©dÃ©s
fr,fils de bÃ¢tard
fr,fils de chienne
fr,fils de garce
fr,fils de putain
fr,fils de pute
fr,fils de ta race
fr,fils-de-puterie
fr,fion
fr,fiotte
fr,fister
fr,foirade
fr,folle
fr,foufoune
fr,foufounette
fr,fouille-merde
fr,foune
fr,fourbir
fr,fourrer
fr,foutage de gueule
fr,fouteur
fr,foutoir
fr,foutre
fr,foutre en lâ€™air
fr,foutre la merde
fr,foutre sur la gueule
fr,foutriquer
fr,fuck
fr,fuck me boots
fr,fucker
fr,garage Ã  bite
fr,garage Ã  bites
fr,gerbe
fr,gerber
fr,glaoui
fr,glisser
fr,gnasse
fr,gniouf
fr,gnoul
fr,gosse
fr,gougnote
fr,gougnoter
fr,gouine
fr,gourdin
fr,gousse
fr,graine
fr,grande folle
fr,grogniasse
fr,gros
fr,gueule
fr,gueuler
fr,imbaisable
fr,imbitabilitÃ©
fr,imbitable
fr,j'espÃ¨re que tu vas crever
fr,je te chie sur la gueule
fr,joual vert
fr,jouir
fr,la putain de ta mÃ¨re
fr,laisser pisser le mÃ©rinos
fr,langue de pute
fr,latter
fr,limer
fr,lopette
fr,lÃ¨che-cul
fr,lÃ©cher le cul
fr,manche Ã  couilles
fr,mange mes couilles salope
fr,mange-merde
fr,maquerellage
fr,matos
fr,melon
fr,merdasse
fr,merde
fr,merder
fr,merdeuse
fr,merdeux
fr,merdicitÃ©
fr,merdier
fr,merdogÃ¨ne
fr,mes couilles le temps se brouille
fr,mettre dans lâ€™os
fr,mettre la misÃ¨re
fr,mettre la quenelle dans le shaker
fr,mettre le nez de quelquâ€™un dans sa merde
fr,mettre sur la gueule
fr,meuf
fr,mijole
fr,minou
fr,miserere
fr,mollard
fr,mon caca dans ta face
fr,mon cul
fr,mon vier
fr,morue
fr,motocultable
fr,mouille
fr,mouiller
fr,moule
fr,moule-bite
fr,mouron
fr,mÃ©nage a trois
fr,mÃ©nage Ã  trois
fr,ne plus se sentir pisser
fr,ne rien branler
fr,negro
fr,nique sa mÃ¨re
fr,nique ta mÃ¨re
fr,nique ta mÃ¨re la grosse pute
fr,nique ta mÃ¨re la pute
fr,nique ta mÃ¨re la salope
fr,nique ta mÃ¨re tout court
fr,nique ta race
fr,nique ton pÃ¨re
fr,nique ton voisin
fr,niquer
fr,niquer sa mÃ¨re
fr,noune
fr,nul Ã  chier
fr,nulach
fr,nulachâ€™
fr,nÃ¨gre
fr,nâ€™en avoir rien Ã  foutre
fr,"oh hisse, enculÃ©"
fr,ordure
fr,oui ou merde
fr,pachole
fr,palucher
fr,panier
fr,papier-cul
fr,parachuter un SÃ©nÃ©galais
fr,pare-choc
fr,pare-chocs
fr,"parle Ã  mon cul, ma tÃªte est malade"
fr,partir en couille
fr,pays-bas
fr,peau de zob
fr,peler
fr,penser avec sa bite
fr,penser avec sa queue
fr,pet sauce
fr,pignoler
fr,pine
fr,piner
fr,pinocumettable
fr,pinocumettre
fr,pipe
fr,pipi
fr,pisse-au-lit
fr,pisse-copie
fr,pisser
fr,pisser de la copie
fr,pisser sa cÃ´telette
fr,pisser Ã  la raie
fr,pisseur
fr,plan cul
fr,planter le javelot dans la moquette
fr,plotte Ã  cash
fr,plume
fr,poche
fr,pogne-cul
fr,poil
fr,pomme Ã  lâ€™huile
fr,pomper
fr,porc
fr,pouffiasse
fr,pougner
fr,pour les couilles du pape
fr,pourrir
fr,pousse-crotte
fr,pousser une gueulante
fr,poutrer
fr,putain
fr,putain de bordel de merde
fr,putain de merde
fr,putain de sa mÃ¨re
fr,putain de sa race
fr,putain de ta race
fr,pute
fr,pute borgne
fr,pute de luxe
fr,pÃ©dale
fr,pÃ©doque
fr,pÃ©dÃ©
fr,pÃ©dÃ© comme un Grec
fr,pÃ©lot
fr,pÃ©ter
fr,pÃ©ter dans la soie
fr,pÃ©ter le cul
fr,pÃ©ter les couilles
fr,queue
fr,queutard
fr,quâ€™il aille se faire foutre
fr,quâ€™ils aillent se faire foutre
fr,quâ€™on lâ€™encule
fr,raccrocher Ã  la gueule
fr,radasse
fr,ramener
fr,ramoner
fr,ramoner le trou de balle
fr,ras la touffe
fr,ras-la-moule
fr,ras-les-fesses
fr,ratisser le bunker
fr,refucker
fr,repas
fr,retourne aux asperges
fr,rien Ã  enculer
fr,rien Ã  foutre
fr,riflard
fr,rondelle
fr,roubignole
fr,roupette
fr,rouston
fr,rÃ©curer la marmite
fr,rÃ©empaffer
fr,sa mÃ¨re
fr,sac Ã  foutre
fr,sac Ã  merde
fr,saint-chrÃªme
fr,saint-ciboire
fr,saint-crÃªme
fr,saint-sacrament
fr,saint-simonaque
fr,salaud
fr,salopard
fr,salope
fr,saute-au-paf
fr,sauter
fr,schleu
fr,schnek
fr,se branler les couilles
fr,se casser la gueule
fr,se casser le cul
fr,se casser le tronc
fr,se casser les couilles
fr,se cirer le manche
fr,se contrecrisser
fr,se contrefoutre
fr,se cÃ¢lisser
fr,se doigter
fr,se dÃ©senclaver la pÃ©ninsule
fr,se faire enculer
fr,se faire pousser au cul
fr,se foutre de la gueule de
fr,se geler le croupion
fr,se geler le fion
fr,se geler les couilles
fr,se magner le cul
fr,se manger les couilles
fr,se ronger le cul Ã  la vinaigrette
fr,se sortir les doigts du cul
fr,se taper
fr,se taper une queue
fr,se vider les couilles
fr,serin
fr,service trois piÃ¨ces
fr,shit
fr,simonaque
fr,souchien
fr,souchienne
fr,sous-merde
fr,sphincter
fr,suce
fr,suce-mÃ©dailles
fr,sucer
fr,sâ€™archifoutre
fr,sâ€™astiquer le poireau
fr,sâ€™en battre
fr,sâ€™en battre lec
fr,sâ€™en battre les couilles
fr,sâ€™en branler
fr,sâ€™en cogner
fr,sâ€™en foutre
fr,sâ€™en foutre comme de lâ€™an quarante
fr,sâ€™en taper
fr,sâ€™occuper de ses fesses
fr,ta bouche
fr,ta gueule
fr,tabarnac
fr,tabarnak
fr,taboune
fr,tafiole
fr,tanche
fr,tantouze
fr,taper
fr,tapette
fr,tapiole
fr,tarlouze
fr,tartissure
fr,taspÃ©
fr,tassepÃ©
fr,techa
fr,tepu
fr,teub
fr,teubasse
fr,teubette
fr,teuch
fr,teucha
fr,tg
fr,tire-au-cul
fr,tirer son coup
fr,tirer un coup
fr,touche Ã  ton cul tâ€™auras des verrues
fr,touffe
fr,tout de la gueule
fr,trappe
fr,tremper son biscuit
fr,trick
fr,tringler
fr,trique
fr,troncher
fr,trou de balle
fr,trou de cul
fr,trou du cul
fr,trou du cul du monde
fr,trouduc
fr,trouducune
fr,trouer le cul
fr,troufignoler
fr,troufignolerie
fr,troufignoliser
fr,troufignon
fr,truie
fr,turluchon
fr,turlute
fr,turlutte
fr,tuyau
fr,tÃ¢ter
fr,tÃ©lÃ©phoner aux Congolais
fr,tÃªte de gland
fr,tÃªte de nÅ“ud
fr,va chier
fr,va te faire enculer
fr,va te faire foutre
fr,va te faire une soupe d'esques
fr,vieille
fr,vier
fr,y avoir une couille dans le potage
fr,y avoir une couille dans le pÃ¢tÃ©
fr,yeule
fr,youpin
fr,youpine
fr,zboob
fr,zboub
fr,zboube
fr,zguÃ¨gue
fr,zigounette
fr,zizi
fr,Ã  chier
fr,Ã  couilles rabattues
fr,Ã  la con
fr,Ã  la mords-moi
fr,Ã  la mords-moi-le-nÅ“ud
fr,Ã  la roule-moi les couilles dans la laitue
fr,Ã  un poil de cul
fr,Ã©burnÃ©
fr,Ã©couillÃ©
fr,Ã©trangler le borgne
fr,Ã©tron
fr,Ãªtre couillu
fr,Ãªtre mou de la bite
fr-CA-u-sd-caqc,calice
fr-CA-u-sd-caqc,criss
fr-CA-u-sd-caqc,crisse
fr-CA-u-sd-caqc,noune
fr-CA-u-sd-caqc,osti
fr-CA-u-sd-caqc,tabarnak
fr-CA-u-sd-caqc,viarge
hi,aand
hi,aandu
hi,badzaat
hi,balatkar
hi,balatkari
hi,behen chod
hi,beti chod
hi,bhadva
hi,bhadve
hi,bhandve
hi,bhangi
hi,bhootni ke
hi,bhosad
hi,bhosadi ke
hi,boobe
hi,chakke
hi,chinaal
hi,chinki
hi,chod
hi,chodu
hi,chodu bhagat
hi,chooche
hi,choochi
hi,choope
hi,choot
hi,choot ke baal
hi,chootia
hi,chootiya
hi,chuche
hi,chuchi
hi,chudaap
hi,chudai khanaa
hi,chudam chudai
hi,chudan chudai
hi,chude
hi,chut
hi,chut ka chuha
hi,chut ka churan
hi,chut ka mail
hi,chut ke baal
hi,chut ke dhakkan
hi,chut maarli
hi,chutad
hi,chutadd
hi,chutan
hi,chutia
hi,chutiya
hi,gaand
hi,gaandfat
hi,gaandmasti
hi,gaandufad
hi,gandfattu
hi,gandu
hi,gashti
hi,gasti
hi,ghassa
hi,ghasti
hi,gucchi
hi,gucchu
hi,harami
hi,haramzade
hi,hawas
hi,hawas ke pujari
hi,hijda
hi,hijra
hi,jhant
hi,jhant chaatu
hi,jhant ka keeda
hi,jhant ke baal
hi,jhant ke pissu
hi,jhantu
hi,kamine
hi,kaminey
hi,kanjar
hi,kutta
hi,kutta kamina
hi,kutte ki aulad
hi,kutte ki jat
hi,kuttiya
hi,loda
hi,lodapa
hi,lodu
hi,lund
hi,lund choos
hi,lund ka bakkal
hi,lund khajoor
hi,lundaapa
hi,lundoo
hi,lundtopi
hi,lundure
hi,maa ki chut
hi,maal
hi,madar chod
hi,mooh mein le
hi,mutth
hi,mutthal
hi,najayaz
hi,najayaz aulaad
hi,najayaz paidaish
hi,paki
hi,pataka
hi,patakha
hi,raand
hi,randaap
hi,randi
hi,randi rona
hi,saala
hi,saala kutta
hi,saali kutti
hi,saali randi
hi,suar
hi,suar ke lund
hi,suar ki aulad
hi,tatte
hi,tatti
hi,teri maa ka bhosada
hi,teri maa ka boba chusu
hi,teri maa ki behenchod 
hi,teri maa ki chut
hi,tharak
hi,tharki
hi,tu chuda
hu,balfasz
hu,balfaszok
hu,balfaszokat
hu,balfaszt
hu,barmok
hu,barmokat
hu,barmot
hu,barom
hu,baszik
hu,bazmeg
hu,buksza
hu,bukszÃ¡k
hu,bukszÃ¡kat
hu,bukszÃ¡t
hu,bÃºr
hu,bÃºrok
hu,csÃ¶cs
hu,csÃ¶csÃ¶k
hu,csÃ¶csÃ¶ket
hu,csÃ¶csÃ¶t
hu,fasz
hu,faszfej
hu,faszfejek
hu,faszfejeket
hu,faszfejet
hu,faszok
hu,faszokat
hu,faszt
hu,fing
hu,fingok
hu,fingokat
hu,fingot
hu,franc
hu,francok
hu,francokat
hu,francot
hu,geci
hu,gecibb
hu,gecik
hu,geciket
hu,gecit
hu,kibaszott
hu,kibaszottabb
hu,kurafi
hu,kurafik
hu,kurafikat
hu,kurafit
hu,kurva
hu,kurvÃ¡k
hu,kurvÃ¡kat
hu,kurvÃ¡t
hu,kÃºr
hu,leggecibb
hu,legkibaszottabb
hu,legszarabb
hu,marha
hu,marhÃ¡k
hu,marhÃ¡kat
hu,marhÃ¡t
hu,megdÃ¶glik
hu,pele
hu,pelÃ©k
hu,picsa
hu,picsÃ¡kat
hu,picsÃ¡t
hu,pina
hu,pinÃ¡k
hu,pinÃ¡kat
hu,pinÃ¡t
hu,pofa
hu,pofÃ¡kat
hu,pofÃ¡t
hu,punci
hu,puncik
hu,pÃ¶cs
hu,pÃ¶csÃ¶k
hu,pÃ¶csÃ¶ket
hu,pÃ¶csÃ¶t
hu,segg
hu,seggek
hu,seggeket
hu,segget
hu,seggfej
hu,seggfejek
hu,seggfejeket
hu,seggfejet
hu,szajha
hu,szajhÃ¡k
hu,szajhÃ¡kat
hu,szajhÃ¡t
hu,szar
hu,szarabb
hu,szarik
hu,szarok
hu,szarokat
hu,szart
it,allupato
it,ammucchiata
it,anale
it,arrapato
it,arrusa
it,arruso
it,assatanato
it,bagascia
it,bagassa
it,bagnarsi
it,baldracca
it,balle
it,battere
it,battona
it,belino
it,biga
it,bocchinara
it,bocchino
it,bofilo
it,boiata
it,bordello
it,brinca
it,bucaiolo
it,budiÃ¹lo
it,buona donna
it,busone
it,cacca
it,caccati in mano e prenditi a schiaffi
it,caciocappella
it,cadavere
it,cagare
it,cagata
it,cagna
it,cammello
it,cappella
it,carciofo
it,caritÃ 
it,casci
it,cazzata
it,cazzimma
it,cazzo
it,cazzone
it,cesso
it,checca
it,chiappa
it,chiavare
it,chiavata
it,ciospo
it,ciucciami il cazzo
it,coglione
it,coglioni
it,cornuto
it,cozza
it,culattina
it,culattone
it,culo
it,di merda
it,ditalino
it,duro
it,fare unaÅ 
it,fava
it,femminuccia
it,fica
it,figa
it,figlio di buona donna
it,figlio di puttana
it,figone
it,finocchio
it,fottere
it,fottersi
it,fracicone
it,fregna
it,frocio
it,froscio
it,fuori come un balcone
it,goldone
it,grilletto
it,guanto
it,guardone
it,imbecille
it,incazzarsi
it,incoglionirsi
it,ingoio
it,l'arte bolognese
it,leccaculo
it,lecchino
it,lofare
it,loffa
it,loffare
it,lumaca
it,manico
it,mannaggia
it,merda
it,merdata
it,merdoso
it,mignotta
it,minchia
it,minchione
it,mona
it,monta
it,montare
it,mussa
it,nave scuola
it,nerchia
it,nudo
it,padulo
it,palle
it,palloso
it,patacca
it,patonza
it,pecorina
it,pesce
it,picio
it,pincare
it,pinnolone
it,pipa
it,pippa
it,pippone
it,pipÃ¬
it,pirla
it,pisciare
it,piscio
it,pisello
it,pistola
it,pistolotto
it,pomiciare
it,pompa
it,pompino
it,porca
it,porca madonna
it,porca miseria
it,porca puttana
it,porco
it,porco due
it,porco zio
it,potta
it,puppami
it,puttana
it,quaglia
it,recchione
it,regina
it,rincoglionire
it,rizzarsi
it,rompiballe
it,rompipalle
it,ruffiano
it,sbattere
it,sbattersi
it,sborra
it,sborrata
it,sborrone
it,sbrodolata
it,scopare
it,scopata
it,scorreggiare
it,sega
it,slinguare
it,slinguata
it,smandrappata
it,soccia
it,socmel
it,sorca
it,spagnola
it,spompinare
it,sticchio
it,stronza
it,stronzata
it,stronzo
it,succhiami
it,succhione
it,sveltina
it,sverginare
it,tarzanello
it,terrone
it,testa di cazzo
it,tette
it,tirare
it,topa
it,troia
it,trombare
it,uccello
it,vacca
it,vaffanculo
it,vangare
it,venire
it,zinne
it,zio cantante
it,zoccola
ja,3p
ja,g ã‚¹ãƒãƒƒãƒˆ
ja,s ï¼† m
ja,sm
ja,små¥³ç‹
ja,xx
ja,ã„ãŸãšã‚‰
ja,ãŠã—ã£ã“
ja,ãŠã—ã‚Š
ja,ãŠã—ã‚Šã®ã‚ãª
ja,ãŠã£ã±ã„
ja,ãŠã‚‚ã‚‰ã—
ja,ãŠå°»
ja,ã—ã°ã‚Š
ja,ã¡ã‚“ã“
ja,ãªã‚
ja,ãµãŸãªã‚Š
ja,ã¶ã£ã‹ã‘
ja,ã½ã£ã¡ã‚ƒã‚Š
ja,ã¾ã‚“ã“
ja,ã‚„ãŠã„
ja,ã‚„ã‚Šã¾ã‚“
ja,ã‚¢ã‚¸ã‚¢ã®ã‹ã‚ã„ã„å¥³ã®å­
ja,ã‚¢ã‚¹ãƒ›ãƒ¼ãƒ«
ja,ã‚¢ãƒŠãƒªãƒ³ã‚°ã‚¹
ja,ã‚¢ãƒŠãƒ«
ja,ã‚¤ãƒ©ãƒãƒã‚ª
ja,ã‚¨ã‚¯ã‚¹ã‚¿ã‚·ãƒ¼
ja,ã‚¨ã‚¹ã‚³ãƒ¼ãƒˆ
ja,ã‚¨ãƒƒãƒ
ja,ã‚¨ãƒ­ãƒ†ã‚£ã‚ºãƒ 
ja,ã‚¨ãƒ­ãƒ†ã‚£ãƒƒã‚¯
ja,ã‚ªã‚«ãƒ
ja,ã‚ªã‚·ãƒª
ja,ã‚ªãƒƒãƒ‘ã‚¤
ja,ã‚ªãƒŠãƒ‹ãƒ¼
ja,ã‚ªãƒãƒ³ã‚³
ja,ã‚ªãƒ¼ã‚¬ã‚ºãƒ 
ja,ã‚«ãƒ³ãƒˆ
ja,ã‚«ãƒ¼ãƒã‚¹ãƒ¼ãƒˆãƒ©
ja,ã‚¯ãƒªãƒˆãƒªã‚¹
ja,ã‚¯ãƒ³ãƒ‹ãƒªãƒ³ã‚°ã‚¹
ja,ã‚°ãƒ«ãƒ¼ãƒ—ãƒ»ã‚»ãƒƒã‚¯ã‚¹
ja,ã‚°ãƒ­
ja,ã‚²ã‚¤ãƒœãƒ¼ã‚¤
ja,ã‚²ã‚¤ãƒ»ã‚»ãƒƒã‚¯ã‚¹
ja,ã‚³ã‚«ã‚¤ãƒ³
ja,ã‚´ãƒƒã‚¯ãƒ³
ja,ã‚´ãƒ¼ãƒ«ãƒ‡ãƒ³ã‚·ãƒ£ãƒ¯ãƒ¼
ja,ã‚µãƒ‡ã‚£ã‚ºãƒ 
ja,ã‚¹ã‚¦ã‚£ãƒ³ã‚¬ãƒ¼
ja,ã‚¹ã‚«ãƒˆãƒ­
ja,ã‚¹ã‚«ãƒ¼ãƒˆã®ä¸­
ja,ã‚¹ãƒˆãƒ©ãƒƒãƒ—ã‚ªãƒ³
ja,ã‚¹ãƒˆãƒªãƒƒãƒ—åŠ‡å ´
ja,ã‚¹ãƒ©ãƒƒãƒˆ
ja,ã‚¹ãƒªãƒƒãƒˆ
ja,ã‚»ã‚¯ã‚·ãƒ¼ãª
ja,ã‚»ã‚¯ã‚·ãƒ¼ãª 10 ä»£
ja,ã‚»ãƒƒã‚¯ã‚¹
ja,ã‚½ãƒ‰ãƒŸãƒ¼
ja,ãƒ†ãƒ¬ãƒ•ã‚©ãƒ³ã‚»ãƒƒã‚¯ã‚¹
ja,ãƒ‡ã‚£ãƒƒã‚¯
ja,ãƒ‡ã‚£ãƒ«ãƒ‰
ja,ãƒ‡ã‚£ãƒ¼ãƒ—ãƒ»ã‚¹ãƒ­ãƒ¼ãƒˆ
ja,ãƒ‡ãƒ–
ja,ãƒ‡ãƒ¼ãƒˆãƒ¬ã‚¤ãƒ—
ja,ãƒˆãƒƒãƒ—ãƒ¬ã‚¹
ja,ãƒ‰ãƒƒã‚°ã‚¹ã‚¿ã‚¤ãƒ«
ja,ãƒ‹ã‚¬ãƒ¼
ja,ãƒŒãƒ¼ãƒ‰
ja,ãƒã‚ªãƒ»ãƒŠãƒ
ja,ãƒãƒ¼ãƒ‰ã‚³ã‚¢
ja,ãƒã‚¤ãƒ–ãƒ¬ãƒ¼ã‚¿ãƒ¼
ja,ãƒãƒƒã‚¯ãƒ»ã‚¹ã‚¿ã‚¤ãƒ«
ja,ãƒ‘ã‚¤ãƒ‘ãƒ³
ja,ãƒ‘ãƒ³ãƒ†ã‚£ãƒ¼
ja,ãƒ“ãƒƒãƒ
ja,ãƒ•ã‚¡ãƒƒã‚¯
ja,ãƒ•ã‚¡ãƒ³ã‚¿ã‚¸ãƒ¼
ja,ãƒ•ã‚£ã‚¹ãƒˆ
ja,ãƒ•ã‚§ãƒ†ã‚£ãƒƒã‚·ãƒ¥
ja,ãƒ•ã‚§ãƒ©ãƒã‚ª
ja,ãƒ•ãƒƒã‚¯
ja,ãƒ—ãƒªãƒ³ã‚¹ ã‚¢ãƒ«ãƒãƒ¼ãƒˆ ãƒ”ã‚¢ã‚¹
ja,ãƒ—ãƒ¬ã‚¤ãƒœãƒ¼ã‚¤
ja,ãƒ™ã‚¢ãƒãƒƒã‚¯
ja,ãƒšãƒ‹ã‚¹
ja,ãƒšãƒ‹ã‚¹ãƒãƒ³ãƒ‰
ja,ãƒ›ãƒ¢
ja,ãƒœãƒ³ãƒ†ãƒ¼ã‚¸
ja,ãƒœãƒ¼ã‚¤ã‚ºãƒ©ãƒ–
ja,ãƒœãƒ¼ãƒ«ã‚®ãƒ£ã‚°
ja,ãƒãƒ«ãƒ
ja,ãƒãƒ«ãƒã‚°ãƒ©ãƒ•ã‚£ãƒ¼
ja,ãƒã‚¶ãƒ¼ãƒ»ãƒ•ã‚¡ãƒƒã‚«ãƒ¼
ja,ãƒã‚¹ã‚¿ãƒ¼ãƒ™ãƒ¼ã‚·ãƒ§ãƒ³
ja,ãƒ©ãƒ†ã‚£ãƒ¼ãƒŠ
ja,ãƒ©ãƒãƒ¼
ja,ãƒ©ãƒ³ã‚¸ã‚§ãƒªãƒ¼
ja,ãƒ¬ã‚¤ãƒ—
ja,ãƒ¬ã‚ºãƒ“ã‚¢ãƒ³
ja,ãƒ­ãƒªãƒ¼ã‚¿
ja,ãƒ­ãƒ¼ã‚¿ãƒ¼
ja,ä¸¡åˆ€
ja,ä¸¡æ€§
ja,ä¸¡æ€§å…·æœ‰
ja,ä¸­å‡ºã—
ja,ä¹±äº¤
ja,ä¹³é¦–
ja,äºŒç©´
ja,äººå¦»
ja,äººç¨®
ja,å…ç«¥æ€§è™å¾…
ja,å‰ƒæ¯›
ja,å‹ƒèµ·ã™ã‚‹
ja,å
ja,åˆæ„ã®æ€§äº¤
ja,å™´å‡º
ja,å£²æ˜¥å©¦
ja,å¤‰æ…‹
ja,å¤¢ç²¾
ja,å¤§é™°å”‡
ja,å¥³ã®å­
ja,å¥³å­é«˜ç”Ÿ
ja,å¥³ç‹æ§˜
ja,å¥³è£…
ja,å¥´éš·
ja,å«Œã„
ja,å®¦å®˜
ja,å°„ç²¾
ja,å°¿é“ãƒ—ãƒ¬ã‚¤
ja,å·¨ä¹³
ja,å·¨æ ¹
ja,å¹³æ‰‹æ‰“ã¡
ja,å¹¼å…æ€§æ„›è€…
ja,å¼·å§¦çŠ¯
ja,å¾ŒèƒŒä½
ja,æ€§äº¤
ja,æ‰‹ã‚³ã‚­
ja,æ‹·å•
ja,æŒ¿å…¥
ja,æ”¯é…
ja,æ–°ã—ã„ãƒãƒ«ãƒ
ja,æ­£å¸¸ä½
ja,æ®ºã—æ–¹
ja,æ®ºäººäº‹ä»¶
ja,æ®ºäººæ–¹æ³•
ja,æ¯›æ·±ã„
ja,æ·«ä¹±
ja,æ½®å¹ãå¥³
ja,æ½®å¹ãç”·æ€§
ja,ç£å§¦
ja,ç‰ãªã‚
ja,ç‰èˆã‚
ja,ç”Ÿæ®–å™¨
ja,ç›´è…¸
ja,ç²¾æ¶²
ja,ç³
ja,ç³ä¾¿
ja,ç³å°¿æ„›å¥½ç—‡
ja,ç·Šç¸›
ja,ç¸›ã‚Š
ja,è‚›é–€
ja,è„±è¡£
ja,è†£
ja,è‡ªå·±æ„›æ€§
ja,èŒ¶è‰²ã®ã‚·ãƒ£ãƒ¯ãƒ¼
ja,è£¸
ja,è£¸ã®å¥³æ€§
ja,è¦—ã
ja,èª˜æƒ‘
ja,è²æ“å¸¯
ja,è¶³ã‚’åºƒã’ã‚‹
ja,è¶³ãƒ•ã‚§ãƒ
ja,è¼ªå§¦
ja,è¿‘è¦ªç›¸å§¦
ja,é™°æ¯›
ja,é©æŠ‘åˆ¶
ja,é¨ä¸Šä½
kab,abbuc
kab,ajeá¸¥niá¸
kab,aqerqur
kab,asxuáº“eá¸
kab,awellaq
kab,axuzziá¸
kab,aÎµeá¹­á¹­uá¸
kab,aá¸¥eÄÄun
kab,iwellaqen
kab,iá¸¥eÄÄan
kab,iá¸¥eÄÄunen
kab,qqan
kab,qqant
kab,qqiÉ£
kab,qqu
kab,qquÉ£
kab,taxna
kab,taá¸¥eÄÄunt
kab,tteqqun
kab,tteqqunt
kab,uqan
ko,ê°•ê°„
ko,ê°œìƒˆë¼
ko,ê°œìì‹
ko,ê°œì¢†
ko,ê°œì°¨ë°˜
ko,ê±°ìœ 
ko,ê³„ì§‘ë…„
ko,ê³ ì
ko,ê·¼ì¹œ
ko,ë…¸ëª¨
ko,ë‹ˆê¸°ë¯¸
ko,ë’¤ì§ˆë˜
ko,ë”¸ë”¸ì´
ko,ë•Œì”¹
ko,ë˜ë¼ì´
ko,ë™¤ë†ˆ
ko,ë¡œë¦¬íƒ€
ko,ë§ê°€
ko,ëª°ì¹´
ko,ë¯¸ì¹œ
ko,ë¯¸ì¹œìƒˆë¼
ko,ë°”ë°”ë¦¬ë§¨
ko,ë³€íƒœ
ko,ë³‘ì‹ 
ko,ë³´ì§€
ko,ë¶ˆì•Œ
ko,ë¹ êµ¬ë¦¬
ko,ì‚¬ê¹Œì‹œ
ko,ì„¹ìŠ¤
ko,ìŠ¤ì™€í•‘
ko,ìŒë†ˆ
ko,ì”¨ë°œ
ko,ì”¨ë°œë†ˆ
ko,ì”¨íŒ”
ko,ì”¹
ko,ì”¹ë¬¼
ko,ì”¹ë¹¨
ko,ì”¹ìƒˆë¼
ko,ì”¹ì•Œ
ko,ì”¹ì°½
ko,ì”¹íŒ”
ko,ì•”ìº
ko,ì• ì
ko,ì•¼ë™
ko,ì•¼ì‚¬
ko,ì•¼ì• ë‹ˆ
ko,ì—„ì°½
ko,ì—ë¡œ
ko,ì—¼ë³‘
ko,ì˜˜ë³‘
ko,ìœ ëª¨
ko,ìœ¡ê°‘
ko,ì€ê¼´
ko,ììœ„
ko,ìì§€
ko,ì¡ë…„
ko,ì¢…ê°„ë‚˜
ko,ì¢†
ko,ì¢†ë§Œ
ko,ì£½ì¼ë…„
ko,ì¥ì¢†
ko,ì§ì´¬
ko,ì§±ê¹¨
ko,ìª½ë°”ë¦¬
ko,ì°½ë…€
ko,í¬ë¥´ë…¸
ko,í•˜ë“œì½”ì–´
ko,í˜¸ë¡œ
ko,í™”ëƒ¥ë…„
ko,í›„ë ˆì•„ë“¤
ko,í›„ì¥
ko,í¬ì­ˆê·¸ë¦¬
nl,aardappels afgieten
nl,achter het raam zitten
nl,afberen
nl,aflebberen
nl,afrossen
nl,afrukken
nl,aftrekken
nl,afwerkplaats
nl,afzeiken
nl,afzuigen
nl,anderhalve man en een paardekop
nl,anita
nl,asbak
nl,aso
nl,bagger schijten
nl,balen
nl,bedonderen
nl,befborstel
nl,beffen
nl,bekken
nl,belazeren
nl,besodemieterd zijn
nl,besodemieteren
nl,beurt
nl,boemelen
nl,boerelul
nl,boerenpummel
nl,bokkelul
nl,botergeil
nl,broekhoesten
nl,brugpieper
nl,buffelen
nl,buiten de pot piesen
nl,da's kloten van de bok
nl,de ballen
nl,de hoer spelen
nl,de hond uitlaten
nl,de koffer induiken
nl,de pijp uitgaan
nl,del
nl,dombo
nl,draaikont
nl,draaikontg
nl,driehoog achter wonen
nl,drol
nl,drolg
nl,drooggeiler
nl,droogkloot
nl,een beurt geven
nl,een halve man en een paardekop
nl,een nummertje maken
nl,een wip maken
nl,eikel
nl,engerd
nl,flamoes
nl,flikken
nl,flikker
nl,gadverdamme
nl,galbak
nl,gat
nl,gedoogzone
nl,geilneef
nl,gesodemieter
nl,godverdomme
nl,graftak
nl,gras maaien
nl,gratenkut
nl,greppeldel
nl,griet
nl,hoempert
nl,hoer
nl,hoerenbuurt
nl,hoerenloper
nl,hoerig
nl,hol
nl,hufter
nl,huisdealer
nl,johny
nl,kanen
nl,kettingzeug
nl,klaarkomen
nl,klerebeer
nl,klojo
nl,klooien
nl,klootjesvolk
nl,klootoog
nl,klootzak
nl,kloten
nl,knor
nl,kont
nl,kontg
nl,kontneuken
nl,krentekakker
nl,kut
nl,kuttelikkertje
nl,kwakkie
nl,liefdesgrot
nl,lul
nl,lul-de-behanger
nl,lulhannes
nl,lummel
nl,mafketel
nl,matennaaier
nl,matje
nl,mof
nl,muts
nl,naaien
nl,naakt
nl,neuken
nl,neukstier
nl,nicht
nl,oetlul
nl,op z'n hondjes
nl,op z'n sodemieter geven
nl,opgeilen
nl,opkankeren
nl,oprotten
nl,opsodemieteren
nl,opzouten
nl,ouwe rukker
nl,ouwehoer
nl,ouwehoeren
nl,paal
nl,paardelul
nl,palen
nl,penoze
nl,penozeg
nl,piesen
nl,pijpbekkieg
nl,pijpen
nl,pik
nl,pleurislaaier
nl,poep
nl,poepen
nl,poot
nl,portiekslet
nl,pot
nl,potverdorie
nl,publiciteitsgeil
nl,raaskallen
nl,reet
nl,"reet trappen, voor zijn"
nl,reetridder
nl,remsporen
nl,reutelen
nl,rothoer
nl,rotzak
nl,rukhond
nl,rukken
nl,schatje
nl,schijt
nl,schijten
nl,schoft
nl,schuinsmarcheerder
nl,shit
nl,slempen
nl,slet
nl,sletterig
nl,slik mijn zaad
nl,snol
nl,spuiten
nl,standje
nl,standje-69
nl,stoephoer
nl,stootje
nl,stront
nl,sufferd
nl,tapijtnek
nl,teef
nl,teefg
nl,temeier
nl,teringlijer
nl,toeter
nl,tongzoeng
nl,triootjeg
nl,trottoir prostituÃ©e
nl,trottoirteef
nl,vergallen
nl,verkloten
nl,verneuken
nl,viespeuk
nl,vingeren
nl,vleesroos
nl,voor jan lul
nl,voor jan-met-de-korte-achternaam
nl,watje
nl,welzijnsmafia
nl,wijf
nl,wippen
nl,wuftje
nl,zaadje
nl,zakkenwasser
nl,zeiken
nl,zeiker
nl,zuigen
nl,zuiplap
no,asshole
no,dritt
no,drittsekk
no,faen
no,faen i helvete
no,fan
no,fanken
no,fitte
no,forbanna
no,forbannet
no,forjÃ¦vlig
no,fuck
no,fy faen
no,fÃ¸kk
no,fÃ¸kka
no,fÃ¸kkings
no,helvete
no,helvetet
no,jÃ¦vla
no,jÃ¦vlig
no,kuk
no,kukene
no,kuker
no,morraknuller
no,morrapuler
no,nigger
no,pakkis
no,pikk
no,pokker
no,rÃ¦va
no,rÃ¦ven
no,satan
no,shit
no,sinnsykt
no,skitt
no,sotrÃ¸r
no,stÃ¥pikk
no,stÃ¥pikkene
no,stÃ¥pikker
no,svartheiteste
pl,burdel
pl,burdelmama
pl,chuj
pl,chujnia
pl,ciota
pl,cipa
pl,cyc
pl,debil
pl,dmuchaÄ‡
pl,do kurwy nÄ™dzy
pl,dupa
pl,dupek
pl,duperele
pl,dziwka
pl,fiut
pl,gÃ³wno
pl,gÃ³wno prawda
pl,huj
pl,huj ci w dupÄ™
pl,ja pierdolÄ™
pl,jajco
pl,jajko
pl,jebany
pl,jebaÄ‡
pl,kurwa
pl,kurwy
pl,kutafon
pl,kutas
pl,lizaÄ‡ paÅ‚Ä™
pl,obciÄ…gaÄ‡ chuja
pl,obciÄ…gaÄ‡ fiuta
pl,obciÄ…gaÄ‡ loda
pl,pieprzyÄ‡
pl,pierdolec
pl,pierdoliÄ‡
pl,pierdolniÄ™ty
pl,pierdolnÄ…Ä‡
pl,pierdoÅ‚a
pl,pierdzieÄ‡
pl,pizda
pl,pojeb
pl,pojebany
pl,popierdolony
pl,robic loda
pl,robiÄ‡ loda
pl,ruchaÄ‡
pl,rzygaÄ‡
pl,skurwysyn
pl,sraczka
pl,sraÄ‡
pl,suka
pl,syf
pl,wkurwiaÄ‡
pl,zajebisty
pt,aborto
pt,anal
pt,aranha
pt,ariano
pt,arregaÃ§ada
pt,arrombada
pt,baitola
pt,balalao
pt,bastardo
pt,benga
pt,bicha
pt,biscate
pt,boceta
pt,boob
pt,bosta
pt,braulio
pt,braulio de borracha
pt,bronha
pt,bumbum
pt,buraco
pt,burro
pt,cabrao
pt,cacete
pt,cagar
pt,camisinha
pt,caralho
pt,cerveja
pt,chochota
pt,chupar
pt,clitoris
pt,cocaÃ­na
pt,coito
pt,colhoes
pt,comer
pt,cona
pt,corno
pt,cu
pt,dar o rabo
pt,dar uma cagada
pt,dum raio
pt,esporra
pt,favelado
pt,fecal
pt,filho da puta
pt,foda
pt,foda-se
pt,foder
pt,frango assado
pt,gozar
pt,gruta
pt,heroÃ­na
pt,inferno
pt,jeba
pt,lolita
pt,mama
pt,merda
pt,paneleiro
pt,papa anjo
pt,passar um cheque
pt,pau
pt,peidar
pt,peitinhos
pt,pinto
pt,piranha
pt,piroca
pt,porra
pt,punheta
pt,punheteiro
pt,puta
pt,puta que pariu
pt,puta que te pariu
pt,pÃªnis
pt,queca
pt,quenga
pt,racha
pt,rapariga
pt,sacanagem
pt,saco
pt,tchuntcha
pt,teta
pt,torneira
pt,transar
pt,vadia
pt,vagabunda
pt,vagina
pt,vai tomar no cu
pt,vai-te foder
pt,vara
pt,veado
pt,viado
pt,vibrador
pt,xana
pt,xochota
pt,Ã¢nus
ro,bagami-as picioarele
ro,bagami-as pula
ro,bulangiu
ro,ce pula mea
ro,coaie
ro,cocalar
ro,coi
ro,coios
ro,cur
ro,curva
ro,da-te in pula mea
ro,floc
ro,floci
ro,fut
ro,futu-te-n cur
ro,futu-ti
ro,futu-ti gura matii
ro,gaoaza
ro,gaozar
ro,in gatu matii
ro,jardea
ro,jigodie
ro,laba
ro,laba trista
ro,labagiu
ro,lindic
ro,mortii matii
ro,muie
ro,muist
ro,muista
ro,panarama
ro,pitipoanca
ro,pizda
ro,pizda matii
ro,pula
ro,sa mor eu
ro,sa mori tu
ro,sa te fut
ro,sa te fut in gura
ro,sugi pula
ro,tate
ro,traseista
ru,bychara
ru,byk
ru,chernozhopyi
ru,dolboy'eb
ru,ebalnik
ru,ebalo
ru,ebalom sch'elkat
ru,gol
ru,mudack
ru,opizdenet
ru,osto'eblo
ru,ostokhuitel'no
ru,ot'ebis
ru,otmudohat
ru,otpizdit
ru,otsosi
ru,padlo
ru,pedik
ru,perdet
ru,petuh
ru,pidar gnoinyj
ru,piz'det
ru,piz`dyulina
ru,pizd'uk
ru,pizda
ru,pizdato
ru,pizdatyi
ru,pizdetc
ru,pizdoi nakryt'sja
ru,po khuy
ru,po'imat' na konchik
ru,po'iti posrat
ru,podi ku'evo
ru,poeben
ru,poluchit pizdy
ru,pososi moyu konfetku
ru,prissat
ru,proebat
ru,promudobl'adsksya pizdopro'ebina
ru,propezdoloch
ru,prosrat
ru,raspeezdeyi
ru,raspizdatyi
ru,raz'yebuy
ru,raz'yoba
ru,s'ebat'sya
ru,shalava
ru,styervo
ru,sukin syn
ru,svodit posrat
ru,svoloch
ru,trakhat'sya
ru,trimandoblydskiy pizdoproyob
ru,u'ebitsche
ru,ubl'yudok
ru,uboy
ru,v pizdu
ru,vafl'a
ru,vafli lovit
ru,vyperdysh
ru,vzdrochennyi
ru,yeb vas
ru,za'ebat
ru,zaebis
ru,zalupa
ru,zalupat
ru,zasranetc
ru,zassat
ru,zlo'ebuchy
ru,Ğ°Ğ½ÑƒÑ
ru,Ğ±Ğ°Ñ€Ğ´Ğ°Ğº
ru,Ğ±Ğ·Ğ´Ñ‘Ğ½Ğ¾Ğº
ru,Ğ±Ğ»ÑĞ´ĞºĞ¸
ru,Ğ±Ğ»ÑĞ´Ğ¾Ğ²Ğ°Ñ‚ÑŒ
ru,Ğ±Ğ»ÑĞ´ÑÑ‚Ğ²Ğ¾
ru,Ğ±Ğ»ÑĞ´ÑŒ
ru,Ğ±Ğ¾Ğ¼Ğ¶
ru,Ğ±ÑƒĞ³Ğ¾Ñ€
ru,Ğ²Ğ°Ğ³Ğ¸Ğ½Ğ°
ru,Ğ²Ğ¾ Ğ¿Ğ¸Ğ·Ğ´Ñƒ
ru,Ğ²ÑÑ‚Ğ°Ñ‚ÑŒ Ñ€Ğ°ĞºĞ¾Ğ¼
ru,Ğ²Ñ‹Ñ‘Ğ±Ñ‹Ğ²Ğ°Ñ‚ÑŒÑÑ
ru,Ğ³Ğ°Ğ½Ğ´Ğ¾Ğ½
ru,Ğ³Ğ¾Ğ²Ğ½Ğ¾
ru,Ğ³Ğ¾Ğ²Ğ½ÑĞº
ru,Ğ³Ğ¾Ğ»Ñ‹Ğ¹
ru,Ğ³Ğ¾Ğ½Ğ´Ğ¾Ğ½
ru,Ğ´Ğ°Ñ‚ÑŒ Ğ¿Ğ¸Ğ·Ğ´Ñ‹
ru,Ğ´ĞµÑ€ÑŒĞ¼Ğ¾
ru,Ğ´Ğ¾Ğ»Ğ±Ğ¾Ñ‘Ğ±
ru,Ğ´Ñ€Ğ¾Ñ‡Ğ¸Ñ‚ÑŒ
ru,Ğ´Ñ€ÑƒĞ³Ğ¾Ğ¹ Ğ´Ñ€Ğ°Ğ·Ğ½Ğ¸Ñ‚ÑÑ
ru,ĞµĞ±Ğ°Ñ‚ÑŒ
ru,ĞµĞ±Ğ°Ñ‚ÑŒ-ĞºĞ¾Ğ¿Ğ°Ñ‚ÑŒ
ru,ĞµĞ±Ğ»Ğ¾
ru,ĞµĞ±Ğ½ÑƒÑ‚ÑŒ
ru,Ğ¶Ğ»Ğ¾Ğ±
ru,Ğ¶Ğ¾Ğ¿Ğ°
ru,Ğ¶Ğ¾Ğ¿Ğ¾Ğ»Ğ¸Ğ·
ru,Ğ·Ğ°Ğ´Ğ½Ğ¸Ñ†Ğ°
ru,Ğ·Ğ°ĞµĞ±Ğ¸ÑÑŒ
ru,Ğ¸Ğ³Ñ€Ğ°Ñ‚ÑŒ Ğ½Ğ° ĞºĞ¾Ğ¶Ğ°Ğ½Ğ¾Ğ¹ Ñ„Ğ»ĞµĞ¹Ñ‚Ğµ
ru,Ğ¸Ğ·Ğ¼ÑƒĞ´Ğ¾Ñ…Ğ°Ñ‚ÑŒ
ru,ĞºĞ°Ğ¶Ğ´Ñ‹Ğ¹ Ğ´Ñ€Ğ¾Ñ‡Ğ¸Ñ‚ ĞºĞ°Ğº Ğ¾Ğ½ Ñ…Ğ¾Ñ‡ĞµÑ‚
ru,ĞºĞ°Ğº Ğ´Ğ²Ğ° Ğ¿Ğ°Ğ»ÑŒÑ†Ğ° Ğ¾Ğ±Ğ¾ÑÑĞ°Ñ‚ÑŒ
ru,ĞºĞ°ĞºĞ°Ñ Ñ€Ğ°Ğ·Ğ½Ğ¸Ñ†Ğ°
ru,ĞºĞ¾Ğ·ĞµĞ»
ru,ĞºĞ¾Ğ·Ñ‘Ğ»
ru,ĞºĞ¾Ğ½Ñ‡ĞµĞ½Ğ½Ñ‹Ğ¹
ru,ĞºÑƒÑ€Ğ¸Ñ‚Ğµ Ğ¼Ğ¾Ñ Ñ‚Ñ€ÑƒĞ±ĞºÑƒ
ru,Ğ»Ñ‹ÑĞ¾Ğ³Ğ¾ Ğ² ĞºÑƒĞ»Ğ°ĞºĞµ Ğ³Ğ¾Ğ½ÑÑ‚ÑŒ
ru,Ğ¼Ğ°Ğ»Ğ¾Ñ„ÑŒÑ
ru,Ğ¼Ğ°Ğ»Ğ¾Ñ„Ñ
ru,Ğ¼Ğ°Ğ½Ğ´Ğ°
ru,Ğ¼Ğ°Ğ½Ğ´Ğ°Ğ²Ğ¾ÑˆĞºĞ°
ru,Ğ¼ĞµĞ½Ñ‚
ru,Ğ¼ÑƒĞ´Ğ°
ru,Ğ¼ÑƒĞ´Ğ¸Ğ»Ğ¾
ru,Ğ¼ÑƒĞ´Ğ¾Ğ·Ğ²Ğ¾Ğ½
ru,Ğ¼ÑƒĞ´Ğ¾Ğ·Ğ¼Ğ¾Ğ½
ru,Ğ½Ğ° Ñ„Ğ¸Ğ³
ru,Ğ½Ğ° Ñ…ÑƒĞ¹
ru,Ğ½Ğ° Ñ…ÑƒÑ Ğ²ĞµÑ€Ñ‚ĞµÑ‚ÑŒ
ru,Ğ½Ğ° Ñ…ÑƒÑ
ru,Ğ½Ğ°ĞµĞ±Ğ°Ñ‚ÑŒ
ru,Ğ½Ğ°ĞµĞ±ĞµĞ½Ğ¸Ñ‚ÑŒÑÑ
ru,Ğ½Ğ°ĞµĞ±Ğ½ÑƒÑ‚ÑŒÑÑ
ru,Ğ½Ğ°Ñ…ÑƒÑÑ‡Ğ¸Ñ‚ÑŒÑÑ
ru,Ğ½Ğµ ĞµĞ±ĞµÑ‚
ru,Ğ½ĞµĞ²ĞµĞ±ĞµĞ½Ğ½Ñ‹Ğ¹
ru,Ğ½Ğ¸ Ğ·Ğ° Ñ…ÑƒĞ¹ ÑĞ¾Ğ±Ğ°Ñ‡Ñƒ
ru,Ğ½Ğ¸ Ñ…ÑƒÑ
ru,Ğ¾Ğ±Ğ½Ğ°Ğ¶ĞµĞ½Ğ½Ñ‹Ğ¹
ru,Ğ¾Ğ±Ğ¾ÑÑĞ°Ñ‚ÑŒÑÑ Ğ¼Ğ¾Ğ¶Ğ½Ğ¾
ru,Ğ¾Ğ´Ğ¸Ğ½ ĞµĞ±Ñ‘Ñ‚ÑÑ
ru,Ğ¾Ğ¿ĞµÑĞ´Ğ¾Ğ»
ru,Ğ¾Ñ„Ğ¸Ğ³ĞµÑ‚ÑŒ
ru,Ğ¾Ñ…ÑƒĞµÑ‚ÑŒ
ru,Ğ¾Ñ…ÑƒĞ¸Ñ‚ĞµĞ»ÑŒĞ½Ğ¾
ru,Ğ¾Ñ…ÑƒĞ¹Ñ‚ĞµĞ»ÑŒĞ½Ğ¾
ru,Ğ¿Ğ¸Ğ´Ğ°Ñ€
ru,Ğ¿Ğ¸Ğ´Ğ°Ñ€Ğ°Ñ
ru,Ğ¿Ğ¸Ğ´Ğ¾Ñ€
ru,Ğ¿Ğ¸Ğ´Ğ¾Ñ€Ğ°Ñ
ru,Ğ¿Ğ¸Ğ·Ğ´Ğ°
ru,Ğ¿Ğ¸Ğ·Ğ´Ğ°Ğ±Ğ¾Ğ»
ru,Ğ¿Ğ¸Ğ·Ğ´Ğ°Ñ‚Ñ‹Ğ¹
ru,Ğ¿Ğ¸Ğ·Ğ´Ğ¸Ñ‚ÑŒ
ru,Ğ¿Ğ¾Ğ»Ğ¾Ğ²Ğ¾Ğµ ÑĞ½Ğ¾ÑˆĞµĞ½Ğ¸Ğµ
ru,ÑĞµĞºÑ
ru,ÑĞ¸ÑĞºĞ¸
ru,ÑĞ¸ÑÑŒĞºĞ¸
ru,ÑĞ¿Ğ¸Ğ·Ğ´Ğ¸Ñ‚ÑŒ
ru,ÑÑ€Ğ°Ñ‚ÑŒ
ru,ÑÑĞ°Ñ‚ÑŒ
ru,ÑÑƒĞºĞ°
ru,Ñ‚Ğ²Ğ°Ñ€ÑŒ
ru,Ñ‚Ñ€Ğ°xĞ°Ñ‚ÑŒ
ru,Ñ‚Ñ€Ğ°Ñ…Ğ°Ñ‚ÑŒ
ru,Ñ‚Ñ‹ Ğ¼Ğ½Ğµ Ğ²Ğ°Ğ½ÑŒĞºÑƒ Ğ½Ğµ Ğ²Ğ°Ğ»ÑĞ¹
ru,ÑƒĞµĞ±Ğ°Ğ½
ru,ÑƒĞµĞ±Ğ¸Ñ‰Ğµ
ru,ÑƒĞµĞ±Ğ¾Ğº
ru,ÑƒÑ€Ğ¾Ğ´
ru,ÑƒÑ‘Ğ±Ğ¸Ñ‰Ğµ
ru,ÑƒÑ‘Ğ±Ğ¾Ğº
ru,Ñ„Ğ¸Ğ³Ğ°
ru,Ñ…Ğ°Ğ¿Ğ°Ñ‚ÑŒ
ru,Ñ…ĞµÑ€ Ñ Ğ½ĞµĞ¹
ru,Ñ…ĞµÑ€ Ñ Ğ½Ğ¸Ğ¼
ru,Ñ…Ğ¾Ñ…Ğ¾Ğ»
ru,Ñ…Ñ€ĞµĞ½
ru,Ñ…ÑƒĞµĞ¼ Ğ³Ñ€ÑƒÑˆĞ¸ Ğ¾ĞºĞ¾Ğ»Ğ°Ñ‡Ğ¸Ğ²Ğ°Ñ‚ÑŒ
ru,Ñ…ÑƒĞµĞ¿Ğ»ĞµÑ‚
ru,Ñ…ÑƒĞµÑĞ¾Ñ
ru,Ñ…ÑƒĞ¸Ğ»Ğ¾
ru,Ñ…ÑƒĞ¸Ğ½ĞµĞ¹ ÑÑ‚Ñ€Ğ°Ğ´Ğ°Ñ‚ÑŒ
ru,Ñ…ÑƒĞ¸Ğ½Ñ
ru,Ñ…ÑƒĞ¹
ru,Ñ…ÑƒĞ¹ Ğ¿Ğ¸Ğ½Ğ°Ñ‚ÑŒ
ru,Ñ…ÑƒĞ¹Ğ»Ğ¾
ru,Ñ…ÑƒĞ¹Ğ½ÑƒÑ‚ÑŒ
ru,Ñ…ÑƒÑ‘Ğ²Ğ¾
ru,Ñ…ÑƒÑ‘Ğ²Ñ‹Ğ¹
ru,Ñ‡Ğ»ĞµĞ½
ru,ÑˆĞ»ÑÑ…Ğ°
ru,Ñ‘Ğ± Ñ‚Ğ²Ğ¾Ñ Ğ¼Ğ°Ñ‚ÑŒ
ru,Ñ‘Ğ±Ğ°Ñ€ÑŒ
sv,arsle
sv,brutta
sv,discofitta
sv,dra Ã¥t helvete
sv,fan
sv,fitta
sv,fittig
sv,fÃ¶r helvete
sv,helvete
sv,hÃ¥rd
sv,jÃ¤vlar
sv,knulla
sv,kuk
sv,kuksÃ¥s
sv,kÃ¶tthuvud
sv,kÃ¶ttnacke
sv,moona
sv,moonade
sv,moonar
sv,moonat
sv,mutta
sv,neger
sv,nigger
sv,olla
sv,pippa
sv,pitt
sv,prutt
sv,pÃ¶k
sv,runka
sv,rÃ¶v
sv,rÃ¶vhÃ¥l
sv,rÃ¶vknulla
sv,satan
sv,skit ner dig
sv,skita
sv,skÃ¤ggbiff
sv,snedfitta
sv,snefitta
sv,stake
sv,subba
sv,sÃ¤tta pÃ¥
sv,sÃ¥s
sv,tusan
th,à¸à¸£à¸°à¸”à¸­
th,à¸à¸£à¸°à¸«à¸£à¸µà¹ˆ
th,à¸à¸£à¸°à¹€à¸”à¹‰à¸²
th,à¸à¸°à¸›à¸´
th,à¸à¸¹
th,à¸‚à¸µà¹‰
th,à¸„à¸§à¸¢
th,à¸ˆà¸´à¹‹à¸¡
th,à¸ˆà¸¹à¹‹
th,à¸”à¸­à¸à¸—à¸­à¸‡
th,à¸•à¸­à¹à¸«à¸¥
th,à¸•à¸¹à¸”
th,à¸™à¹‰à¹à¸²à¹à¸•à¸
th,à¸¡à¸¶à¸‡
th,à¸£à¸¹à¸•à¸¹à¸”
th,à¸¥à¹‰à¸²à¸‡à¸•à¸¹à¹‰à¹€à¸¢à¹‡à¸™
th,à¸ªà¸±à¸”
th,à¸ªà¹‰à¸™à¸•à¸µà¸™
th,à¸«à¸à¸´à¸‡à¸Šà¸²à¸•à¸´à¸Šà¸±à¹ˆà¸§
th,à¸«à¸¥à¸±à¹ˆà¸‡
th,à¸«à¸µ
th,à¸«à¹ˆà¸²
th,à¸«à¹à¸²
th,à¸­à¸¡à¸™à¸à¹€à¸‚à¸²
th,à¹€à¸ˆà¸µà¹Šà¸¢à¸§
th,à¹€à¸ˆà¹Šà¸
th,à¹€à¸¢à¹‡à¸”
th,à¹€à¸ªà¸·à¸­à¸
th,à¹€à¸«à¸µà¹‰à¸¢
th,à¹à¸¡à¹ˆà¸‡
th,à¹„à¸­à¹‰à¸„à¸§à¸²à¸¢
tlh,QI'yaH
tlh,Qu'vatlh
tlh,ghuy'cha'
tr,am
tr,amcÄ±k
tr,amcÄ±klar
tr,amcÄ±klara
tr,amcÄ±klarda
tr,amcÄ±klardan
tr,amcÄ±klarÄ±
tr,amcÄ±klarÄ±n
tr,amcÄ±kta
tr,amcÄ±ktan
tr,amcÄ±ÄŸa
tr,amcÄ±ÄŸÄ±
tr,amcÄ±ÄŸÄ±n
tr,amlar
tr,amÄ±
tr,gÃ¶t
tr,gÃ¶te
tr,gÃ¶tler
tr,gÃ¶tlerde
tr,gÃ¶tlerden
tr,gÃ¶tlere
tr,gÃ¶tleri
tr,gÃ¶tlerin
tr,gÃ¶tte
tr,gÃ¶tten
tr,gÃ¶tveren
tr,gÃ¶tverende
tr,gÃ¶tverenden
tr,gÃ¶tverene
tr,gÃ¶tvereni
tr,gÃ¶tverenin
tr,gÃ¶tverenler
tr,gÃ¶tverenlerde
tr,gÃ¶tverenlerden
tr,gÃ¶tverenlere
tr,gÃ¶tverenleri
tr,gÃ¶tverenlerin
tr,gÃ¶tÃ¼
tr,gÃ¶tÃ¼n
tr,kaltak
tr,kaltaklar
tr,kaltaklara
tr,kaltaklarda
tr,kaltaklardan
tr,kaltaklarÄ±
tr,kaltaklarÄ±n
tr,kaltakta
tr,kaltaktan
tr,kaltaÄŸa
tr,kaltaÄŸÄ±
tr,kaltaÄŸÄ±n
tr,orospu
tr,orospuda
tr,orospudan
tr,orospular
tr,orospulara
tr,orospularda
tr,orospulardan
tr,orospularÄ±
tr,orospularÄ±n
tr,orospunun
tr,orospuya
tr,orospuyu
tr,otuz birci
tr,otuz bircide
tr,otuz birciden
tr,otuz birciler
tr,otuz bircilerde
tr,otuz bircilerden
tr,otuz bircilere
tr,otuz bircileri
tr,otuz bircilerin
tr,otuz bircinin
tr,otuz birciye
tr,otuz birciyi
tr,saksocu
tr,saksocuda
tr,saksocudan
tr,saksocular
tr,saksoculara
tr,saksocularda
tr,saksoculardan
tr,saksocularÄ±
tr,saksocularÄ±n
tr,saksocunun
tr,saksocuya
tr,saksocuyu
tr,sik
tr,sike
tr,siker sikmez
tr,siki
tr,sikilir sikilmez
tr,sikin
tr,sikler
tr,siklerde
tr,siklerden
tr,siklere
tr,sikleri
tr,siklerin
tr,sikmek
tr,sikmemek
tr,sikte
tr,sikten
tr,siktir
tr,siktirir siktirmez
tr,sÄ±Ã§mak
tr,taÅŸak
tr,taÅŸaklar
tr,taÅŸaklara
tr,taÅŸaklarda
tr,taÅŸaklardan
tr,taÅŸaklarÄ±
tr,taÅŸaklarÄ±n
tr,taÅŸakta
tr,taÅŸaktan
tr,taÅŸaÄŸa
tr,taÅŸaÄŸÄ±
tr,taÅŸaÄŸÄ±n
tr,yarak
tr,yaraklar
tr,yaraklara
tr,yaraklarda
tr,yaraklardan
tr,yaraklarÄ±
tr,yaraklarÄ±n
tr,yarakta
tr,yaraktan
tr,yaraÄŸa
tr,yaraÄŸÄ±
tr,yaraÄŸÄ±n
tr,Ã‡ingenede
tr,Ã‡ingeneden
tr,Ã‡ingeneler
tr,Ã‡ingenelerde
tr,Ã‡ingenelerden
tr,Ã‡ingenelere
tr,Ã‡ingeneleri
tr,Ã‡ingenelerin
tr,Ã‡ingenenin
tr,Ã‡ingeneye
tr,Ã‡ingeneyi
tr,Ã§ingene
zh,13.
zh,13ç‚¹
zh,ã—
zh,ä¸‰çº§ç‰‡
zh,ä¸‹ä¸‰çƒ‚
zh,ä¸‹è´±
zh,ä¸ªè€å­çš„
zh,ä¹æ¸¸
zh,ä¹³
zh,ä¹³äº¤
zh,ä¹³å¤´
zh,ä¹³æˆ¿
zh,ä¹³æ³¢è‡€æµª
zh,äº¤é…
zh,ä»†è¡—
zh,ä»–å¥¶å¥¶
zh,ä»–å¥¶å¥¶çš„
zh,ä»–å¥¶å¨˜çš„
zh,ä»–å¦ˆ
zh,ä»–å¦ˆã„‰ç‹å…«è›‹
zh,ä»–å¦ˆåœ°
zh,ä»–å¦ˆçš„
zh,ä»–å¨˜
zh,ä»–é©¬çš„
zh,ä½ ä¸ªå‚»æ¯”
zh,ä½ ä»–é©¬çš„
zh,ä½ å…¨å®¶
zh,ä½ å¥¶å¥¶çš„
zh,ä½ å¥¹é©¬çš„
zh,ä½ å¦ˆ
zh,ä½ å¦ˆçš„
zh,ä½ å¨˜
zh,ä½ å¨˜å¡å¥½
zh,ä½ å¨˜å’§
zh,ä½ å®ƒå¦ˆçš„
zh,ä½ å®ƒé©¬çš„
zh,ä½ æ˜¯é¸¡
zh,ä½ æ˜¯é¸­
zh,ä½ è€å‘³
zh,ä½ è€æ¯
zh,ä½ è€é—†
zh,ä½ é©¬çš„
zh,åšçˆ±
zh,å‚»æ¯”
zh,å‚»é€¼
zh,å†Œé‚£
zh,å†šå®¶æ‹
zh,å†šå®¶éŸ
zh,å†›å¦“
zh,å‡ å…«
zh,å‡ å­
zh,å‡ å·´
zh,å‡ èŠ­
zh,åˆšåº¦
zh,åˆšç˜ªä¸‰
zh,åŒ…çš®
zh,åä¸‰ç‚¹
zh,å–B
zh,å–æ¯”
zh,å–æ·«
zh,åµ
zh,åµå­
zh,åŒå³°å¾®é¢¤
zh,å£äº¤
zh,å£è‚¯
zh,å«åºŠ
zh,åƒå±
zh,ååº­
zh,å¹ç®«
zh,å’¸å®¶ä¼¶
zh,å’¸å®¶éŸ
zh,å¡ä½ å…¬
zh,å¡ä½ å¨˜
zh,å¡ä½ æ¯
zh,å¡ä½ çˆ¸
zh,å¡ä½ è€å¸ˆ
zh,å¡ä½ è€æ¯
zh,å¤„å¥³
zh,å¤–é˜´
zh,å¤§åµå­
zh,å¤§åµæ³¡
zh,å¤§é¸¡å·´
zh,å¥¶
zh,å¥¶å¥¶çš„ç†Š
zh,å¥¶å­
zh,å¥¸
zh,å¥¸ä½ 
zh,å¥¹å¦ˆåœ°
zh,å¥¹å¦ˆçš„
zh,å¥¹é©¬çš„
zh,å¦ˆB
zh,å¦ˆä¸ªB
zh,å¦ˆä¸ªæ¯”
zh,å¦ˆä¸ªè€æ¯”
zh,å¦ˆå¦ˆçš„
zh,å¦ˆæ¯”
zh,å¦ˆçš„
zh,å¦ˆçš„B
zh,å¦ˆé€¼
zh,å¦“
zh,å¦“å¥³
zh,å¦“é™¢
zh,å¦³å¥¹å¦ˆçš„
zh,å¦³å¦ˆçš„
zh,å¦³å¨˜çš„
zh,å¦³è€æ¯çš„
zh,å¦³é©¬çš„
zh,å§˜å¤´
zh,å§£è¥¿
zh,å§¦
zh,å¨˜ä¸ªæ¯”
zh,å¨˜çš„
zh,å©Šå­
zh,å©Šå­å…»çš„
zh,å«–å¨¼
zh,å«–å®¢
zh,å®ƒå¦ˆåœ°
zh,å®ƒå¦ˆçš„
zh,å¯†æ´
zh,å°„ä½ 
zh,å°„ç²¾
zh,å°ä¹³å¤´
zh,å°åµå­
zh,å°åµæ³¡
zh,å°ç˜ªä¸‰
zh,å°è‚‰ç²’
zh,å°éªšæ¯”
zh,å°éªšè´§
zh,å°é¸¡å·´
zh,å°é¸¡é¸¡
zh,å°»
zh,å±çœ¼
zh,å±è‚¡
zh,å±„
zh,å±Œ
zh,å±å¿½
zh,å·¨ä¹³
zh,å¹²xå¨˜
zh,å¹²ä¸ƒå…«
zh,å¹²ä½ 
zh,å¹²ä½ å¦ˆ
zh,å¹²ä½ å¨˜
zh,å¹²ä½ è€æ¯
zh,å¹²ä½ è‰¯
zh,å¹²å¦³å¦ˆ
zh,å¹²å¦³å¨˜
zh,å¹²å¦³è€æ¯
zh,å¹²å¦³é©¬
zh,å¹²æ‚¨å¨˜
zh,å¹²æœºæ°
zh,å¹²æ­»CS
zh,å¹²æ­»GM
zh,å¹²æ­»ä½ 
zh,å¹²æ­»å®¢æœ
zh,å¹¹
zh,å¼ºå¥¸
zh,å¼ºå¥¸ä½ 
zh,æ€§
zh,æ€§äº¤
zh,æ€§å™¨
zh,æ€§æ— èƒ½
zh,æ€§çˆ±
zh,æƒ…è‰²
zh,æƒ³ä¸Šä½ 
zh,æ‡†æ‚¨å¦ˆ
zh,æ‡†æ‚¨å¨˜
zh,æ‡’8
zh,æ‡’å…«
zh,æ‡’å«
zh,æ‡’æ•™
zh,æˆäºº
zh,æˆ‘æ“ä½ ç¥–å®—åå…«ä»£
zh,æ‰’å…‰
zh,æ‰“ç‚®
zh,æ‰“é£æœº
zh,æŠ½æ’
zh,æ‹›å¦“
zh,æ’ä½ 
zh,æ’æ­»ä½ 
zh,æ’’å°¿
zh,æ’š
zh,æ“ä½ 
zh,æ“ä½ å…¨å®¶
zh,æ“ä½ å¥¶å¥¶
zh,æ“ä½ å¦ˆ
zh,æ“ä½ å¨˜
zh,æ“ä½ ç¥–å®—
zh,æ“ä½ è€å¦ˆ
zh,æ“ä½ è€æ¯
zh,æ“å¦³
zh,æ“å¦³å…¨å®¶
zh,æ“å¦³å¦ˆ
zh,æ“å¦³å¨˜
zh,æ“å¦³ç¥–å®—
zh,æ“æœºæ°
zh,æ“æ¯”
zh,æ“é€¼
zh,æ”¾è¡
zh,æ—¥ä»–å¨˜
zh,æ—¥ä½ 
zh,æ—¥ä½ å¦ˆ
zh,æ—¥ä½ è€å¨˜
zh,æ—¥ä½ è€æ¯
zh,æ—¥æ‰¹
zh,æœˆç»
zh,æœºå…«
zh,æœºå·´
zh,æœºæœºæ­ªæ­ª
zh,æ‚ç§
zh,æŸ’
zh,æµªå«
zh,æ·«
zh,æ·«ä¹±
zh,æ·«å¦‡
zh,æ·«æ£
zh,æ·«æ°´
zh,æ·«ç§½
zh,æ·«è¡
zh,æ·«è¥¿
zh,æ¹¿é€çš„å†…è£¤
zh,æ¿€æƒ…
zh,ç¨ä½ å¨˜
zh,çƒ‚è´§
zh,çƒ‚é€¼
zh,çˆ›
zh,ç‹—å±
zh,ç‹—æ—¥
zh,ç‹—ç‹¼å…»çš„
zh,ç‰æµ
zh,ç‹å…«è›‹
zh,ç“œå¨ƒå­
zh,ç“œå©†å¨˜
zh,ç“œæ‰¹
zh,ç˜ªä¸‰
zh,ç™½çƒ‚
zh,ç™½ç—´
zh,ç™½ç™¡
zh,ç¡¬è† 
zh,ç¥–å®—
zh,ç§æœ
zh,ç¬¨å¯¦
zh,ç¬¨è›‹
zh,ç²‰è…¸
zh,ç²¾å­
zh,è€äºŒ
zh,è€å‘³
zh,è€æ¯
zh,è€ç˜ªä¸‰
zh,è€éªšæ¯”
zh,è€éªšè´§
zh,è‚‰å£
zh,è‚‰æ£å­
zh,è‚‰æ£’
zh,è‚‰ç¼
zh,è‚
zh,è‚›äº¤
zh,è‚¥è¥¿
zh,è‰²æƒ…
zh,èŠ±æŸ³
zh,è¡å¦‡
zh,è³¤
zh,è´è‚‰
zh,è´±B
zh,è´±äºº
zh,è´±è´§
zh,è´¼ä½ å¦ˆ
zh,èµ›ä½ è€æ¯
zh,èµ›å¦³é˜¿æ¯
zh,èµ£æ‚¨å¨˜
zh,èºç™±
zh,è½®å¥¸
zh,è¿·è¯
zh,é€¼
zh,é€¼æ ·
zh,é‡é¸¡
zh,é–ª
zh,é˜³å…·
zh,é˜³è
zh,é˜´å”‡
zh,é˜´æˆ·
zh,é˜´æ ¸
zh,é˜´æ¯›
zh,é˜´èŒ
zh,é˜´é“
zh,é˜´éƒ¨
zh,é™°è–
zh,é›å·´
zh,é åŒ—
zh,é æ¯
zh,é çˆ¸
zh,é èƒŒ
zh,é è…°
zh,é©¶ä½ å…¬
zh,é©¶ä½ å¨˜
zh,é©¶ä½ æ¯
zh,é©¶ä½ çˆ¸
zh,é©¶ä½ è€å¸ˆ
zh,é©¶ä½ è€æ¯
zh,éªšæ¯”
zh,éªšè´§
zh,éªšé€¼
zh,é¬¼å…¬
zh,é³©
zh,é¸¡8
zh,é¸¡å…«
zh,é¸¡å­
zh,é¸¡å§
zh,é¸¡å¥¸
zh,é¸¡å·´
zh,é¸¡èŠ­
zh,é¸¡é¸¡
zh,é¾Ÿå„¿å­
zh,é¾Ÿå¤´
zh,ğ¡³
zh,ğ¨³Š
zh,ğ¨³
zh,ğ¨³’
zh,ğ¨¶™
